fund_id,m01,m02,m03,m04,m05,m06,m07,m08,m09,m10,m11,m12,m13,m14,m15,m16,m17,m18,m19,m20,m21,m22,m23,m24,dead_month
F000,-0.0313,-0.0071,-0.0127,0.0804,0.0076,0.0454,0.0749,0.0862,0.0188,-0.0204,0.0111,-0.0088,0.0232,-0.0022,-0.0024,0.0580,0.0526,-0.0151,0.0301,0.0349,-0.0220,-0.0081,0.0195,0.0378,
F001,0.0651,-0.0384,0.0166,0.0220,-0.0245,-0.0470,-0.0035,-0.1089,0.0076,0.0468,0.0736,0.0374,-0.0429,-0.0163,-0.0358,-0.0551,0.0330,-0.0149,0.0126,0.0002,-0.0125,0.0088,0.0845,-0.0228,
F002,-0.0573,0.0237,0.0346,-0.0322,0.0181,0.0163,0.0118,0.0766,-0.0601,-0.0088,-0.0327,-0.0120,0.0001,0.0320,0.0571,0.0083,0.0097,-0.0279,0.0325,,,,,,19
F003,-0.0287,-0.0065,-0.0716,-0.0173,0.0136,-0.0029,-0.0887,0.0666,-0.0040,0.0107,0.0058,0.0539,0.0454,-0.0443,0.0003,0.0120,,,,,,,,,16
F004,-0.0243,0.0216,-0.0177,-0.0248,-0.0283,0.0060,0.0011,-0.0396,0.0442,-0.0101,0.0168,-0.0456,-0.0124,0.0159,,,,,,,,,,,14
F005,0.0234,-0.0264,0.0165,-0.0175,0.0412,0.0131,-0.0118,0.0234,-0.0769,0.0250,-0.0184,-0.0143,0.0259,0.0065,-0.0039,-0.0323,0.0333,-0.0325,-0.0019,,,,,,19
F006,0.0134,0.0176,-0.0483,0.0155,0.0427,0.0023,0.0221,0.0383,-0.0174,-0.0232,-0.0148,0.0297,-0.0266,0.0163,0.0210,0.0278,0.0269,0.0377,-0.0046,-0.0046,0.0129,-0.0071,-0.0276,0.0116,
F007,-0.0139,-0.0272,-0.0255,-0.0032,0.0264,-0.0307,-0.0118,0.0276,-0.0298,-0.0142,0.0157,-0.0213,-0.0187,,,,,,,,,,,,13
F008,0.0399,0.0469,-0.0172,-0.0176,-0.0681,0.0303,0.0169,0.0232,-0.0324,0.0233,-0.0060,0.0099,-0.0019,0.0890,0.0062,0.0326,0.0764,0.0089,0.0062,-0.0218,0.0237,0.0175,0.0889,0.0179,
F009,-0.0363,0.0265,0.0891,-0.0377,0.0008,0.0305,0.0096,-0.0293,0.0455,-0.0357,0.0148,0.0884,0.0100,-0.0121,-0.0448,-0.0217,0.0080,0.0260,-0.0075,0.0137,-0.0501,0.0563,-0.0194,-0.0533,
F010,0.0392,-0.0090,0.0108,0.0254,-0.0339,-0.0708,-0.0317,0.0222,0.0008,0.0221,0.0177,0.0077,-0.0275,0.0131,0.0608,-0.1090,-0.0011,0.0231,-0.0378,0.0334,-0.0107,0.0238,0.0120,0.0016,
F011,0.0147,-0.0297,0.0517,-0.0003,0.0204,0.0375,0.0095,0.0118,0.0353,-0.0123,0.0053,-0.0131,0.0139,-0.0161,-0.0156,0.0563,0.0023,-0.0025,0.0032,-0.0340,-0.0166,-0.1627,0.0420,-0.0824,
F012,-0.0223,0.0145,0.0040,0.0189,0.0508,-0.0184,-0.0181,-0.0573,-0.0081,0.0131,-0.0172,-0.0020,-0.0263,-0.0009,0.0008,0.0099,-0.0002,-0.0039,,,,,,,18
F013,0.0066,0.0051,0.0271,-0.0161,-0.0193,0.0697,-0.0220,-0.0177,0.0210,-0.0949,0.1234,0.0437,0.0089,-0.0156,0.0557,-0.0011,-0.0062,0.0368,0.0244,-0.0343,-0.0325,-0.0211,0.0597,0.0294,
F014,-0.0337,-0.0217,-0.0042,0.0001,-0.0373,-0.0055,0.0250,0.0425,-0.0134,0.0494,0.0124,0.0147,0.0599,0.0184,-0.0379,-0.0455,0.0489,-0.0002,0.0431,-0.0228,0.0110,-0.0063,0.0138,-0.0059,
F015,-0.0126,0.0680,0.0211,-0.0329,-0.0333,-0.0027,-0.0603,0.0470,-0.0350,0.0344,-0.0365,0.0091,-0.0249,0.0371,-0.0189,0.0041,0.0174,0.0446,,,,,,,18
F016,0.0484,0.0168,-0.0315,-0.0115,0.0051,-0.0165,0.0114,-0.0281,-0.0140,0.0007,0.0132,0.0464,0.0436,0.0036,0.0090,-0.0074,-0.0270,0.0395,0.0085,-0.1104,0.0321,0.0037,0.0129,-0.0221,
F017,0.0503,0.0636,-0.0252,-0.0181,-0.0771,0.0083,0.0069,0.0039,0.0273,-0.0272,-0.0065,0.0050,0.0389,-0.0228,-0.0040,-0.0662,-0.0327,-0.0069,-0.0107,0.0019,0.0266,-0.0046,0.0379,0.0543,
F018,-0.0236,-0.0164,0.0216,-0.0219,-0.0094,0.0091,0.0210,0.0083,-0.0222,-0.0117,-0.0232,0.0269,-0.0382,0.0013,-0.0021,0.0162,-0.0013,0.0802,,,,,,,18
F019,0.0327,0.0640,0.0032,-0.0059,0.0371,-0.0006,0.0251,-0.0188,0.0455,0.0429,0.0364,0.0549,-0.1211,-0.0233,0.0134,0.0044,0.0159,-0.0491,0.0265,-0.0306,0.0042,0.0109,0.0331,-0.0136,
F020,-0.0046,-0.0313,-0.0286,-0.0158,0.1220,0.0110,-0.0458,0.0388,0.0405,-0.0240,-0.0309,0.0120,0.0471,0.0310,-0.0247,0.0149,-0.0416,0.0004,0.0118,0.0492,0.0318,-0.0100,0.0174,-0.0164,
F021,-0.0423,0.0040,0.0236,-0.0221,-0.0024,0.0510,0.0045,-0.0107,-0.0042,-0.0133,-0.0229,-0.0135,0.0255,-0.0599,-0.0087,-0.0140,0.0362,,,,,,,,17
F022,-0.0321,0.0476,-0.0159,-0.0485,0.0321,0.0179,-0.0637,-0.0246,-0.0447,-0.0096,,,,,,,,,,,,,,,10
F023,-0.0121,0.0194,-0.0430,-0.0037,-0.0244,-0.0159,-0.0365,-0.0002,-0.0154,0.0296,0.0027,-0.0508,,,,,,,,,,,,,12
F024,-0.0110,-0.0066,0.0045,-0.0014,0.0171,-0.0248,0.0218,0.0104,0.0597,-0.0030,-0.0245,-0.0476,-0.0166,0.0408,0.0299,0.0162,0.0017,0.0246,-0.0181,-0.0214,0.0222,0.0265,0.0289,0.0339,
F025,0.0070,-0.0367,0.0031,-0.0139,0.0061,-0.0297,-0.0059,0.0246,-0.0850,0.0020,0.0286,0.0071,-0.0305,0.0051,,,,,,,,,,,14
F026,0.0578,-0.0226,-0.0382,-0.0208,-0.0105,-0.0056,0.2122,-0.0096,0.0116,0.0262,-0.0219,0.0117,-0.0217,0.0225,0.0404,-0.0086,0.0507,-0.0080,0.0226,0.0411,-0.0250,0.0308,0.0249,0.0195,
F027,0.0965,-0.0543,-0.0284,-0.0349,0.0076,0.0189,0.0355,0.0389,-0.0047,0.0371,-0.0457,-0.0722,-0.0038,-0.0105,-0.0315,0.0865,-0.0458,0.0313,-0.0263,0.0575,-0.0235,-0.0200,0.0234,-0.1038,
F028,0.0074,-0.0356,-0.0481,0.0052,-0.0224,0.0897,-0.0142,0.0342,0.0218,-0.0298,0.0759,-0.0108,-0.0161,-0.0089,-0.0358,-0.0197,-0.0305,-0.0381,0.0477,0.0024,-0.0279,0.0110,0.1100,0.0170,
F029,0.0160,-0.0155,0.0089,0.0187,0.0063,0.0185,-0.0272,0.0055,0.0212,0.0200,0.0031,-0.0021,0.0131,0.0112,0.0080,-0.0097,-0.0027,-0.0450,-0.0145,-0.0532,0.0324,0.0080,-0.0554,0.0498,
F030,0.0402,-0.0293,0.1067,0.0141,-0.0280,0.0078,-0.0259,-0.0373,-0.0125,-0.0099,-0.0414,0.0335,0.0249,0.0044,-0.0186,-0.0077,0.0031,0.0200,0.0670,0.0299,-0.0298,-0.0263,0.0015,-0.0755,
F031,-0.0018,0.0388,-0.0762,0.0592,-0.0709,-0.0816,0.1134,0.0574,0.0243,0.0476,0.0697,-0.0577,0.0308,0.0796,0.0045,0.0071,0.0074,-0.0265,-0.0166,0.0285,0.0235,-0.0871,-0.0686,-0.0108,
F032,0.0340,0.0191,0.0106,0.0626,0.0207,0.0139,-0.0057,-0.0317,0.0109,-0.0415,0.0168,-0.0115,-0.0522,0.0410,-0.0194,0.0158,0.0034,0.0148,-0.0160,0.0256,-0.0058,0.0207,-0.0061,-0.0281,
F033,0.0189,-0.0317,0.0677,-0.0321,0.0581,0.0053,0.0402,-0.0063,-0.0059,0.0442,0.0289,0.0361,-0.1130,0.0013,-0.0031,-0.0292,-0.0304,0.0163,0.0015,-0.0301,0.0649,0.0218,-0.0443,0.0459,
F034,0.0617,-0.0183,0.0656,0.0428,0.0085,0.0114,0.0083,0.0941,0.0263,-0.0226,-0.0049,0.0240,-0.0193,-0.0304,-0.0529,-0.0329,0.0350,-0.0354,0.0730,-0.0191,0.0435,0.0306,0.0320,0.0032,
F035,-0.0340,-0.0175,-0.0445,0.0547,0.0115,-0.0137,-0.0343,-0.0301,-0.0252,-0.0878,,,,,,,,,,,,,,,10
F036,-0.0212,-0.0427,-0.0008,0.0074,-0.0232,-0.0115,-0.0129,0.0254,0.0226,0.0152,0.0040,0.0434,-0.0195,-0.0321,-0.0052,-0.0032,0.0605,-0.0376,0.0406,-0.0321,-0.0368,-0.0250,-0.0196,0.0360,
F037,-0.0028,0.0310,0.0088,-0.0711,-0.0376,0.0195,0.0430,0.0111,-0.0522,0.0700,0.0186,0.0139,-0.0476,-0.0410,0.0005,0.0269,0.0087,-0.0134,-0.0016,0.0139,-0.0173,0.0013,-0.1056,0.0210,
F038,0.0245,-0.0053,0.0355,-0.0026,0.0817,0.0112,-0.0243,0.0120,-0.0334,-0.0135,-0.0180,0.0346,0.0901,0.0225,0.0523,0.0266,0.0147,-0.0232,0.0062,0.0566,0.0077,0.0438,0.0626,-0.0333,
F039,0.0482,0.0828,-0.0356,-0.0064,0.0103,0.1296,0.0247,0.0398,0.0555,0.0418,-0.0028,0.0269,-0.0142,0.0161,0.0127,0.0822,-0.0345,-0.0157,0.0148,-0.0067,-0.0030,0.0118,0.0547,0.0351,
F040,0.0340,0.0040,-0.0408,-0.0071,-0.0182,0.0588,-0.0290,-0.0325,-0.0035,-0.0932,-0.0172,,,,,,,,,,,,,,11
F041,-0.0501,-0.0481,-0.0285,-0.0558,0.0109,0.0355,-0.0062,-0.0590,-0.0050,0.0010,0.0520,-0.0008,,,,,,,,,,,,,12
F042,-0.0029,0.0222,-0.0893,-0.0227,-0.0378,0.0306,0.0255,-0.0094,0.0065,0.0618,0.0423,-0.0167,0.0422,-0.0121,-0.0170,0.0777,-0.0138,0.0489,0.0689,0.0003,0.0023,0.0048,0.0311,0.0109,
F043,-0.0189,-0.0216,0.0728,-0.0924,0.0082,-0.0368,0.0121,0.0438,0.0415,0.0024,-0.0634,0.0046,0.0152,0.0016,0.0117,0.0116,0.0286,,,,,,,,17
F044,0.0425,-0.0582,0.0035,0.0414,-0.0720,0.0147,0.0093,-0.0270,0.0221,-0.0308,0.0128,-0.0388,-0.0035,0.0305,0.0070,,,,,,,,,,15
F045,0.1058,-0.0072,0.0284,0.0246,0.0191,0.0117,0.0289,0.0130,0.0036,0.0064,0.0017,0.0462,-0.0168,-0.0071,0.0329,0.0466,0.1099,-0.0172,-0.0065,-0.0254,0.0305,0.0179,0.0026,0.0008,
F046,0.0216,0.0068,0.0032,-0.0075,0.0635,0.0601,0.0593,-0.0110,0.0377,-0.0022,-0.0415,-0.0254,-0.0248,0.0126,-0.0204,-0.0140,-0.0070,0.0249,0.0128,-0.0874,0.0303,0.0817,-0.0082,0.0019,
F047,-0.0120,0.0135,-0.0086,-0.0053,-0.0649,0.0475,-0.0123,-0.0043,-0.0520,-0.0446,0.0483,0.0052,0.0293,-0.0060,-0.0922,,,,,,,,,,15
F048,0.0825,0.0057,0.0187,0.0063,-0.0159,-0.0315,-0.0420,0.0403,0.0025,0.0350,-0.0258,-0.0487,-0.0056,-0.0149,0.0074,-0.0961,0.0306,0.0272,-0.0300,0.0154,-0.0098,0.0378,-0.0464,-0.0218,
F049,-0.0254,0.0141,0.0120,0.0471,-0.0409,-0.0160,0.0023,-0.0354,0.0373,-0.0109,0.0108,0.0309,-0.0019,-0.0055,-0.0033,0.0149,0.0270,0.0327,-0.0239,-0.0055,0.0420,-0.0129,0.0366,-0.0295,
F050,0.0134,-0.0035,0.0330,-0.0279,0.0578,-0.0376,-0.0510,0.0071,0.0199,-0.0370,-0.0102,0.0198,-0.0261,0.0150,0.0927,0.0309,-0.0250,-0.0100,0.0201,,,,,,19
F051,-0.0310,-0.0086,0.0589,-0.0123,-0.0782,0.0712,0.0683,-0.0148,0.0267,0.0799,0.0157,0.0800,-0.0077,-0.0083,0.0586,0.0173,-0.0067,-0.0183,0.0811,0.0408,0.0281,0.0595,0.0120,-0.0276,
F052,0.0165,-0.0256,0.0015,0.0069,-0.0188,-0.0580,-0.0228,-0.0263,-0.0366,-0.0248,0.0209,,,,,,,,,,,,,,11
F053,0.0097,0.0443,-0.0035,0.0024,-0.0134,0.0340,-0.0159,-0.0005,-0.0110,-0.0083,-0.0293,0.0336,0.0381,-0.0117,-0.0383,-0.0286,-0.0054,0.0130,0.2162,0.0355,0.0261,0.0079,0.0068,-0.0381,
F054,0.0382,0.0625,-0.0123,0.0034,0.0697,-0.0091,0.0500,-0.0231,-0.0489,0.0236,-0.0254,-0.0011,-0.0038,0.0353,0.0170,0.0208,0.0834,0.0127,0.0321,0.0051,0.0756,-0.0617,0.0259,0.0688,
F055,0.0073,-0.0391,0.0110,0.0487,0.0099,-0.0218,-0.0221,0.0128,0.0120,0.0138,0.0020,0.0137,-0.0057,0.0396,0.0325,-0.0173,0.0184,-0.0141,0.0112,-0.0005,0.0377,0.0148,-0.0133,0.1239,
F056,0.0389,0.0301,0.0031,0.0816,-0.0189,-0.0295,-0.0325,-0.0709,-0.0010,0.0557,0.0035,-0.0026,0.0059,0.0448,-0.0274,-0.0111,-0.0421,-0.0433,0.0822,-0.0187,-0.0063,-0.0241,-0.0253,-0.0114,
F057,0.0501,-0.0248,0.0398,-0.0347,0.0121,-0.0043,-0.0517,-0.0044,-0.0145,-0.0107,-0.0200,-0.0832,,,,,,,,,,,,,12
F058,0.0126,0.0258,-0.0200,-0.0807,-0.0454,-0.0481,0.0349,0.0119,-0.1029,0.0415,,,,,,,,,,,,,,,10
F059,-0.0259,-0.0628,0.0172,-0.0412,0.0216,-0.0144,-0.0270,-0.0408,0.0301,0.0351,-0.0039,,,,,,,,,,,,,,11
F060,0.0363,-0.0610,0.0144,0.0407,-0.0042,0.0006,-0.0219,0.0152,0.0443,0.0503,0.0065,-0.0484,0.0005,0.0057,-0.0286,-0.0005,-0.0144,-0.0530,0.0098,-0.0077,0.0067,-0.0414,0.0231,-0.0447,
F061,-0.0346,0.0135,0.0589,0.0572,0.0046,-0.0115,-0.0088,-0.1005,0.0395,-0.0121,0.1010,0.0207,-0.0396,-0.0012,0.0381,0.0275,0.0604,0.0021,-0.0255,0.0162,0.0508,0.0051,0.0010,-0.0588,
F062,-0.0101,0.0081,-0.0449,0.0511,0.0242,-0.0150,-0.0487,-0.1015,0.0280,0.0706,0.0705,0.0020,0.0104,0.0236,0.0005,0.0263,-0.0126,0.0252,0.0199,0.0337,-0.0316,0.0066,-0.0122,-0.0256,
F063,0.0382,-0.0261,-0.0232,-0.0091,-0.0213,0.0133,0.0076,0.0007,0.0384,-0.0193,0.0088,0.0150,0.0204,-0.0003,-0.0054,-0.0016,0.0138,-0.0098,0.0694,0.0101,-0.0443,0.0527,0.0102,-0.0259,
F064,-0.0203,0.0198,-0.0086,-0.0128,0.0313,0.0735,0.0445,-0.0001,-0.0324,0.0643,0.0091,-0.0262,0.0648,-0.0055,-0.0777,-0.0331,-0.0461,-0.0070,0.0041,0.0260,0.0009,0.0186,0.0043,0.0461,
F065,-0.0518,0.0242,-0.0139,-0.0349,-0.0098,0.0038,0.0695,0.0139,0.0175,-0.0072,-0.0302,0.0465,0.0514,0.0149,-0.0305,0.0269,-0.0235,0.0214,-0.0164,0.0146,0.0079,-0.0048,0.0400,0.0466,
F066,-0.0189,0.0185,0.0411,0.0348,0.0049,-0.0067,0.0314,-0.0239,0.0043,0.0769,0.0343,0.0054,0.0030,-0.0134,-0.0487,-0.0185,0.0632,-0.0122,0.0588,-0.0133,0.0124,0.0643,0.0022,-0.0407,
F067,-0.0555,-0.0651,0.0464,0.0689,0.0073,0.0698,0.0190,0.0235,0.0438,-0.0100,0.0144,-0.0051,0.0259,0.0033,0.0297,0.0596,0.0290,-0.0142,0.0295,0.0136,0.0414,0.0321,-0.0131,-0.0150,
F068,-0.0276,-0.0380,-0.0024,0.0225,-0.0588,0.0692,0.0168,0.0227,0.0048,0.0061,0.0179,-0.0153,-0.0247,-0.0135,-0.0421,0.0289,0.0242,-0.0210,-0.0995,-0.0035,0.0032,0.0085,0.0014,0.0202,
F069,0.0108,-0.0305,0.0776,0.0361,0.0398,-0.0219,-0.0256,-0.0074,0.0231,0.0184,0.0324,0.0013,0.0169,-0.0374,0.0030,0.0422,0.0269,-0.0047,-0.0211,-0.0203,-0.0225,-0.0759,-0.0187,0.0634,
F070,0.0481,-0.0217,-0.0680,-0.0010,-0.0562,-0.0040,0.0198,-0.0199,0.0385,-0.0018,-0.0078,-0.0159,0.0411,0.0271,-0.0482,,,,,,,,,,15
F071,-0.0114,-0.0345,-0.0513,0.0125,-0.0277,-0.0264,-0.0280,0.0001,0.0405,0.0230,0.0168,0.0421,-0.0138,0.0079,-0.0352,0.0658,-0.0144,,,,,,,,17
F072,0.0235,-0.0306,0.0075,-0.0220,0.0142,0.0082,-0.0451,0.0131,0.0356,0.0234,0.0063,-0.0061,-0.0255,0.0247,0.1184,-0.0297,0.0443,-0.0224,0.0708,0.0069,-0.0146,-0.0006,-0.0333,-0.0863,
F073,0.0037,0.0474,0.0709,0.0237,0.0170,-0.0020,0.0505,-0.0318,-0.0079,-0.0172,-0.0084,-0.0807,-0.0023,-0.0224,-0.0040,0.0235,0.0653,-0.0830,0.0477,-0.0053,0.0103,0.0929,-0.0492,-0.0471,
F074,0.0389,-0.0387,0.0492,-0.0135,0.0613,-0.0224,-0.0081,-0.0364,0.0264,-0.0669,0.0088,-0.0098,0.0175,-0.0212,-0.0458,0.0160,0.0090,-0.0092,-0.0035,-0.0022,-0.0140,0.0281,0.0142,0.0315,
F075,-0.0163,-0.0189,-0.0463,-0.0552,-0.0206,-0.0501,0.0495,-0.0183,0.0529,0.0127,-0.0030,0.0123,0.0376,-0.0158,,,,,,,,,,,14
F076,-0.0037,0.0511,0.0839,0.0302,-0.0065,0.0094,-0.0386,0.0066,0.0443,-0.0021,0.0501,0.0217,0.0084,-0.0271,-0.0265,-0.0179,0.0464,0.0508,0.0307,-0.0543,0.0003,0.0035,0.0251,0.0004,
F077,0.0303,0.0512,-0.0097,-0.0721,0.0368,0.0025,-0.0071,-0.0022,0.0139,0.0066,-0.0603,-0.0001,-0.0157,-0.0900,0.0097,-0.0158,0.0430,0.0351,0.0090,-0.0078,-0.0369,-0.0049,-0.0041,0.0583,
F078,0.0006,0.0508,0.0077,0.0103,0.0129,-0.0169,-0.0228,0.0138,0.0020,0.0451,-0.0084,0.0235,0.0410,0.0036,-0.0034,0.0498,-0.0072,-0.0012,-0.0283,-0.1433,-0.0143,-0.0014,-0.0185,-0.0269,
F079,-0.0129,0.0401,0.0087,0.0025,0.0116,0.0075,-0.0142,-0.0052,-0.0302,-0.0325,0.0081,0.0918,0.0253,-0.0344,-0.0246,0.0073,0.0398,-0.0097,0.0371,-0.0131,0.0158,-0.0280,-0.0268,0.0107,
F080,0.0105,-0.0197,0.0044,0.0471,0.0110,-0.0271,-0.0234,-0.0333,-0.0012,0.0330,0.0419,0.1091,-0.0005,0.0177,0.0237,0.0149,-0.1116,-0.0312,-0.0216,-0.0049,0.0285,0.0420,-0.0226,-0.0458,
F081,0.0267,0.0013,-0.0004,0.0220,-0.0169,-0.0091,0.0218,-0.0115,-0.0048,-0.0835,0.0163,0.0175,0.0363,-0.0079,-0.0319,0.1090,-0.0285,0.0121,-0.0837,,,,,,19
F082,-0.0093,-0.0138,0.0149,0.0444,-0.0456,0.0550,0.0485,-0.0284,-0.0653,0.0332,0.0152,-0.0933,0.0114,-0.0834,0.0260,0.0071,0.0046,,,,,,,,17
F083,0.1106,-0.0389,-0.0084,0.0271,0.0316,-0.0121,-0.0040,0.0517,-0.0150,0.0081,0.1262,0.0258,0.0243,0.0458,0.0173,-0.0498,-0.0223,0.0122,-0.0236,-0.0221,0.0329,-0.0472,0.0267,0.0182,
F084,0.0362,0.0118,-0.0106,-0.0395,-0.0004,-0.0258,0.0088,0.0520,-0.0254,0.0391,0.0476,0.0329,0.0261,-0.0118,0.0139,0.0124,0.0800,-0.0649,0.0001,-0.0050,0.0091,0.0271,0.0097,0.0770,
F085,0.0079,0.0247,-0.0384,0.0162,-0.0334,0.0369,0.0520,0.0226,0.0348,0.0158,0.0060,0.0690,0.0036,0.0410,0.0285,0.0122,0.0396,0.0067,0.0333,0.0766,-0.0122,-0.0389,0.0248,0.0341,
F086,0.0199,0.0080,0.0424,-0.0103,-0.0240,-0.0385,0.0147,0.0296,0.0150,-0.0394,0.0056,0.0188,0.0050,0.0046,0.0190,0.0311,-0.0057,-0.0276,0.0365,0.0348,0.0140,-0.0220,-0.0327,-0.0030,
F087,-0.0313,0.0113,0.0056,-0.0145,0.0131,-0.0230,0.0312,-0.0189,-0.0233,0.0326,-0.0035,0.0227,0.1054,0.0756,0.0028,0.0142,0.0459,0.0219,0.0079,0.0159,0.0210,0.0742,-0.0155,-0.0138,
F088,-0.0520,-0.0639,0.0004,-0.0111,0.0087,0.0293,-0.0243,-0.0068,-0.0028,0.0161,0.0009,,,,,,,,,,,,,,11
F089,-0.0158,0.0108,-0.0265,0.0025,-0.0586,-0.0023,0.0013,0.0118,-0.0280,-0.0552,0.0348,0.0063,-0.0092,,,,,,,,,,,,13
F090,0.0192,0.0567,-0.0038,0.0294,0.0159,0.0486,-0.0012,-0.0132,0.0009,0.0159,0.0330,0.0160,0.0313,0.0569,-0.0047,0.0501,0.0051,0.0477,-0.0189,-0.0565,0.0633,0.0416,0.0158,0.0149,
F091,0.0337,0.0134,-0.0034,-0.0237,-0.0101,0.0607,0.0065,-0.0294,0.0248,0.0086,0.0195,0.0210,0.0236,0.0538,0.0048,0.0228,-0.0760,-0.0533,0.0026,0.0424,0.0134,-0.0006,0.0271,0.0366,
F092,-0.0641,0.0582,-0.0085,-0.0380,0.0082,-0.0079,0.0117,-0.0299,-0.0082,-0.0340,0.0226,-0.0084,0.0193,-0.0228,,,,,,,,,,,14
F093,-0.0134,-0.0193,-0.0184,-0.0039,0.0206,-0.0719,0.0675,0.0112,0.0152,-0.0902,-0.0295,-0.0050,,,,,,,,,,,,,12
F094,-0.0239,0.0625,-0.0383,0.0563,0.0490,0.0132,-0.0275,-0.0011,-0.0112,0.0343,0.0908,-0.0621,0.0254,-0.0442,-0.0096,0.0488,0.0600,-0.0071,0.0333,-0.0467,0.0265,0.0096,0.0011,0.0575,
F095,-0.0036,-0.0242,0.1670,-0.0846,-0.0022,-0.0384,0.0110,0.0784,0.0111,0.0210,-0.0084,-0.0019,0.0439,0.0039,0.0066,0.1559,-0.0147,0.0115,-0.0243,0.0436,-0.4789,0.0041,-0.0274,0.0010,
F096,0.0985,0.0072,-0.0082,0.0133,0.0048,0.0054,0.0128,0.0272,0.0249,-0.0024,0.0056,0.0494,0.0400,0.0205,0.0095,-0.0269,0.0382,-0.0255,-0.0426,-0.0249,0.0385,0.0354,-0.0003,-0.0090,
F097,-0.0506,0.0210,-0.0229,-0.0137,0.0120,0.0272,0.0477,-0.0403,0.0069,0.0161,-0.0331,-0.0990,,,,,,,,,,,,,12
F098,0.0103,-0.0031,-0.0104,0.0412,0.0484,-0.0044,-0.0139,-0.0067,0.1110,-0.0088,0.0166,0.0335,-0.0647,-0.0139,-0.0103,0.0580,0.0438,0.0071,0.0084,0.0336,0.0339,0.0266,0.0236,-0.0859,
F099,0.0065,0.0056,-0.0050,-0.0371,-0.0986,0.0687,0.0062,0.0425,-0.0537,-0.0342,0.0293,-0.0171,0.0128,-0.0981,0.0175,,,,,,,,,,15
F100,-0.0127,0.0102,-0.0191,0.0232,-0.0282,-0.1318,-0.0210,-0.0156,-0.0121,0.0226,,,,,,,,,,,,,,,10
F101,-0.0365,-0.0909,0.0188,0.0067,0.0165,-0.0276,0.0075,0.0204,0.0195,0.0277,0.0389,0.0656,0.0571,0.0311,0.0288,0.0757,0.0717,0.0650,0.0400,-0.0131,0.0036,0.0003,0.0233,-0.0146,
F102,-0.0446,-0.0704,0.0240,0.0254,0.0230,0.0259,0.0479,0.0032,0.0051,-0.0095,-0.0375,-0.0205,0.0390,-0.0120,0.0027,0.0658,-0.0348,-0.0395,,,,,,,18
F103,0.0397,0.0161,0.0048,-0.1143,0.0118,0.0050,-0.0102,-0.0016,0.0550,-0.0001,0.0252,0.0068,-0.0225,0.0959,-0.0075,-0.0185,0.0104,-0.0066,0.0073,0.0104,-0.0124,0.0626,-0.0378,-0.0271,
F104,0.0163,0.0311,0.0431,0.0047,-0.0244,-0.0219,-0.0008,0.0263,-0.0379,0.0139,0.0010,-0.0401,-0.0374,-0.0079,-0.0051,0.0018,0.0072,-0.0137,0.0186,-0.0705,-0.0269,0.0037,0.0620,-0.0202,
F105,-0.0199,0.0318,-0.0079,-0.0294,-0.0210,-0.0021,-0.0088,0.0451,0.0101,-0.0522,0.0073,0.0198,0.0226,-0.0357,0.0069,-0.0198,0.0122,0.0290,0.0118,,,,,,19
F106,-0.0083,0.0315,-0.0071,0.0650,0.0144,0.0129,0.0442,0.0202,0.0067,-0.0413,-0.0183,-0.0007,0.0424,0.0370,-0.0473,-0.0012,-0.0273,0.0050,0.0672,0.0372,0.0195,-0.0341,-0.0321,0.0098,
F107,-0.0424,-0.0249,-0.0107,0.0704,-0.0112,0.0364,0.0166,0.0509,0.0468,0.0120,-0.0138,-0.0000,0.0065,-0.0304,-0.0260,0.0580,-0.0138,0.1144,0.0642,0.0143,0.0243,0.0791,-0.0177,-0.0529,
F108,0.0373,-0.0465,-0.1083,0.0851,0.0412,0.0404,0.0451,-0.0782,-0.0072,0.0264,0.0392,0.0336,-0.0233,0.0041,0.0240,-0.0076,-0.0035,-0.0068,-0.0011,0.0198,-0.0209,0.0823,0.0059,-0.0101,
F109,0.0159,0.0239,-0.0084,-0.0200,0.0120,0.0643,0.0349,0.0427,-0.0399,0.0569,-0.0080,0.0211,-0.0010,0.1216,-0.0092,0.0392,0.0189,-0.0154,-0.0186,-0.0221,0.0094,-0.0611,0.0156,-0.0555,
F110,-0.0083,0.0564,-0.0297,-0.0356,0.0132,-0.0646,0.0853,0.0275,0.0169,-0.0317,-0.0393,0.0044,0.0025,-0.0089,0.0116,0.0520,-0.0329,0.0046,-0.0036,0.0172,-0.0263,-0.0381,-0.0543,0.0190,
F111,0.0278,0.0261,-0.0273,0.0152,0.0325,-0.0182,0.0217,0.0181,-0.0002,0.0455,0.0760,-0.0043,0.0353,0.0054,-0.0679,-0.0099,-0.0012,0.0816,-0.0282,0.0169,-0.0015,0.0384,-0.0040,0.0076,
F112,-0.0266,0.0269,0.0122,0.0162,0.0283,-0.0233,-0.0455,0.0072,0.0112,0.0316,0.0121,-0.0012,-0.0145,-0.0091,0.0884,0.0179,0.0223,0.0383,0.0337,0.0057,0.0689,-0.0183,0.0050,-0.0115,
F113,0.0122,-0.0218,-0.0085,-0.0186,0.0019,-0.0182,0.0330,0.0691,-0.0215,-0.0178,0.0120,0.0096,-0.0496,0.0184,-0.0327,0.0149,0.0075,0.0491,-0.0062,-0.0143,-0.0012,-0.0332,0.0429,0.0377,
F114,-0.0205,-0.0128,-0.0015,0.0340,0.0397,-0.0038,-0.0028,-0.0106,0.0139,0.0373,0.0251,0.0551,0.0196,0.0010,-0.0282,0.0039,-0.0329,-0.0116,-0.0345,0.0271,-0.0134,-0.0229,0.0222,0.0023,
F115,-0.0652,0.0090,0.0228,0.0094,0.0511,-0.0932,-0.0224,-0.0326,0.0412,-0.0037,0.0065,-0.0261,-0.0483,0.0070,,,,,,,,,,,14
F116,-0.0025,-0.0088,0.0005,-0.0163,-0.0318,-0.0041,-0.0157,-0.0001,0.0245,-0.0064,0.0060,0.0114,0.0195,0.0042,0.0750,0.0594,0.0112,-0.0481,,,,,,,18
F117,0.0105,-0.0065,0.0576,-0.0222,-0.0626,-0.0065,0.0482,0.0442,-0.0330,0.0136,-0.0047,-0.0568,0.0047,0.0007,0.0079,0.0833,0.0149,0.0562,-0.0284,,,,,,19
F118,0.0454,-0.0784,-0.0154,-0.0268,0.0212,0.0309,-0.0195,-0.0277,-0.0227,0.0147,0.0034,-0.0360,0.0196,,,,,,,,,,,,13
F119,0.0227,0.0420,0.0450,-0.0534,0.0131,-0.0834,-0.0081,-0.0032,0.0093,-0.0294,-0.0058,0.0244,0.0075,0.0118,-0.0290,0.0103,0.0505,0.0293,-0.0442,,,,,,19
F120,-0.0434,0.0317,0.0107,0.0708,-0.0981,0.0196,-0.0058,-0.0103,0.0268,0.0392,0.0131,0.1150,0.0526,-0.0359,-0.0060,0.0073,-0.0371,0.0053,0.0188,-0.0079,-0.0228,-0.0083,0.0035,-0.0577,
F121,0.0626,0.0041,0.0092,0.0301,-0.1327,0.0543,-0.0319,-0.0122,0.0371,0.0271,-0.0277,0.0074,0.0156,0.0142,-0.0076,0.0299,-0.0066,0.0753,0.0099,0.0014,-0.0363,-0.0110,0.0582,0.0600,
F122,0.0071,0.1099,0.0053,-0.0137,0.0068,0.0186,0.0086,-0.0046,-0.0044,-0.0035,0.0334,0.0264,-0.0044,-0.0560,0.0496,0.0114,0.0049,0.0024,-0.0114,0.0344,0.0350,0.0206,-0.0175,-0.0016,
F123,-0.0294,0.0120,-0.0382,0.0052,-0.0695,-0.0428,-0.0194,0.0371,-0.0003,-0.0270,0.0230,0.0272,-0.0233,,,,,,,,,,,,13
F124,-0.0543,-0.0154,0.0333,0.0728,-0.0178,0.0110,-0.0982,-0.0263,0.0061,0.0057,-0.0024,0.0173,0.0247,0.0011,0.0278,-0.0487,,,,,,,,,16
F125,-0.0362,0.0067,0.0421,0.0102,0.0457,0.0272,-0.0233,0.0626,-0.0422,-0.0759,-0.0146,-0.0493,0.0183,0.0037,0.0095,0.0298,-0.0283,,,,,,,,17
F126,-0.0935,-0.0179,-0.0365,0.0100,0.0447,-0.0423,-0.0271,0.0146,-0.0253,-0.0046,0.0598,0.0167,-0.0087,-0.0264,,,,,,,,,,,14
F127,0.0472,-0.0049,0.0515,0.0081,-0.0354,0.0397,-0.0088,0.0241,0.0017,-0.0128,0.0342,0.0218,0.0515,0.0094,-0.0150,-0.0304,-0.0324,0.0128,-0.0104,0.0193,0.0119,0.0505,-0.0163,0.0094,
F128,0.0045,0.0275,-0.0049,-0.0362,-0.0567,-0.0837,0.0061,0.0011,0.0240,0.0029,0.0086,,,,,,,,,,,,,,11
F129,-0.0270,0.0243,-0.0055,0.0475,0.0072,-0.0437,-0.0193,-0.0222,0.0033,-0.0034,0.0190,0.0005,0.0216,-0.0181,0.0211,-0.0389,-0.0348,0.0490,0.0637,,,,,,19
F130,-0.0091,-0.0031,0.0063,-0.0375,0.0254,-0.0666,-0.0223,-0.0024,-0.0310,-0.0089,-0.0180,,,,,,,,,,,,,,11
F131,-0.0657,-0.0078,0.0204,-0.0297,-0.0120,-0.0130,-0.0276,-0.0320,0.0159,-0.0099,,,,,,,,,,,,,,,10
F132,0.0161,-0.0015,0.0414,0.0304,0.0260,0.0919,0.0478,-0.0416,0.0806,0.0088,0.0093,-0.0099,-0.0567,-0.0613,0.0769,-0.0307,0.0656,-0.0499,-0.0372,0.0429,-0.0146,0.0014,-0.0503,0.0188,
F133,0.0123,0.0480,-0.0716,-0.0308,-0.0392,-0.0309,-0.0000,0.0916,-0.0182,0.0168,0.0698,-0.0001,-0.0149,0.0135,0.0037,0.0231,-0.0493,0.0078,0.0177,-0.0085,0.0093,-0.0294,-0.0362,0.0099,
F134,-0.0043,-0.1122,-0.0273,-0.0318,-0.0320,-0.0092,0.0089,0.0262,0.0177,-0.0020,0.0219,-0.0119,,,,,,,,,,,,,12
F135,-0.0055,-0.0252,-0.0096,0.0450,0.0654,-0.0055,0.0143,0.0066,-0.0228,0.0026,-0.0291,0.0003,0.0365,0.0128,-0.0165,0.1592,-0.0239,0.0437,0.0262,-0.0218,0.0367,-0.0085,-0.0021,0.0367,
F136,0.0016,0.0143,0.0117,-0.0118,-0.0352,-0.0127,0.2575,0.0271,0.0565,-0.0299,-0.0290,-0.0015,-0.0196,0.0340,0.0298,0.0332,-0.0102,-0.0242,0.0417,0.1083,-0.0055,0.0072,0.0091,-0.0003,
F137,0.0934,-0.0311,0.0426,-0.0003,-0.0035,0.0429,0.0566,0.0017,0.0078,-0.0160,-0.0008,-0.0231,-0.0321,-0.0736,-0.0221,0.0226,-0.0270,0.0040,-0.0129,-0.0007,-0.0283,0.0021,0.0096,0.0218,
F138,0.0167,-0.0332,0.0227,-0.0199,0.0117,0.0554,0.0231,-0.0213,0.1138,0.0515,0.0054,0.0094,-0.0081,0.0194,0.1014,0.0104,-0.0045,-0.0231,0.0959,-0.0522,0.0179,-0.0338,0.0138,0.0253,
F139,0.0201,-0.0756,0.0102,-0.0274,0.0944,0.0548,0.0173,0.0101,0.0266,-0.0021,0.0277,-0.0330,0.0175,0.0956,0.0157,0.0391,-0.0295,-0.0175,0.0312,-0.0143,0.0611,-0.0252,-0.0285,-0.0339,
F140,-0.0034,0.0102,0.0009,-0.0291,0.0378,0.0185,-0.0226,-0.0294,-0.0122,0.0221,-0.0138,-0.0611,0.0868,0.0194,0.0484,,,,,,,,,,15
F141,0.0347,0.0107,0.0235,-0.0065,0.0336,-0.0343,0.0011,-0.0164,0.0570,0.0459,-0.0091,-0.0850,0.0128,-0.0034,-0.0921,0.0052,-0.0216,0.0284,0.0211,-0.0352,0.0183,0.0076,0.0216,0.0001,
F142,-0.0084,-0.0737,-0.0178,-0.0127,0.0484,0.0031,-0.0064,0.0362,0.0416,-0.0172,0.0241,-0.0220,-0.0084,-0.0787,0.0007,0.0309,-0.0297,-0.0729,0.0500,0.0222,0.0153,-0.0016,0.0233,0.0394,
F143,0.0155,0.0199,0.0718,-0.0072,0.0276,-0.0196,-0.0212,-0.0089,0.0017,-0.0687,0.0173,0.0080,-0.0044,-0.0129,0.0420,0.0286,-0.0172,0.0300,0.0227,-0.0051,0.0352,-0.0209,0.0790,-0.0158,
F144,-0.0253,0.0197,0.0307,-0.0302,-0.0251,0.0403,0.0444,0.0258,-0.0050,0.0184,-0.0165,0.0412,0.0067,0.0168,0.0095,-0.0184,-0.0083,0.0463,0.0211,0.0265,-0.0042,-0.0287,0.1146,0.0485,
F145,0.0030,0.0095,0.0213,-0.0088,0.0241,0.0256,-0.0725,-0.0449,0.0177,-0.0537,-0.0103,-0.0111,0.0098,-0.0087,,,,,,,,,,,14
F146,0.0074,0.0727,0.0077,0.0973,0.0172,0.0742,-0.0405,0.0684,-0.1010,-0.0438,0.0240,-0.0431,-0.0264,0.0304,0.0105,0.0337,0.0104,0.0043,0.0090,-0.0217,0.0255,0.0300,0.0381,-0.0375,
F147,-0.0052,-0.0148,0.0230,0.0025,0.0251,0.0011,-0.0031,0.0000,-0.0132,-0.0684,-0.0611,-0.0017,0.0264,,,,,,,,,,,,13
F148,0.0415,-0.0068,-0.0037,0.0172,-0.0100,0.0297,-0.0521,0.0372,-0.0208,-0.0324,-0.0475,-0.0115,-0.0005,0.0269,0.0347,-0.0082,,,,,,,,,16
F149,-0.0062,0.0141,0.0339,-0.0440,0.0364,-0.0550,-0.0170,0.0462,-0.0417,0.0245,-0.0410,0.0121,0.0129,-0.0107,-0.0123,-0.0010,0.0026,-0.0417,,,,,,,18
F150,-0.0480,0.0073,-0.0033,0.0375,-0.0211,0.0001,-0.0220,0.0049,0.0199,0.0033,0.0228,-0.0097,-0.0246,0.0065,-0.0294,0.0166,0.0166,0.0313,-0.1143,0.0065,-0.0314,-0.0291,-0.0488,-0.0342,
F151,0.0176,-0.0076,-0.0491,-0.0359,0.0153,0.0440,0.0252,0.0122,0.0116,0.0280,0.0347,0.0571,0.0076,0.0052,-0.0711,0.0241,0.0379,-0.0174,-0.0330,0.0066,0.0113,0.0048,0.0277,-0.0870,
F152,0.0283,0.1096,-0.0128,0.0564,0.0021,0.0320,0.0181,-0.0304,-0.0357,-0.0213,-0.0392,0.0085,0.0681,-0.0610,0.0151,-0.0390,0.0170,0.0240,-0.0368,-0.0740,-0.0058,0.0287,0.0174,-0.0275,
F153,0.0198,0.0345,-0.0379,-0.0082,0.0559,-0.0131,0.0100,-0.0139,0.0333,-0.0053,0.0180,0.0399,0.0069,-0.0221,0.0201,0.0204,0.0111,-0.0042,-0.0419,0.0035,0.0285,-0.0603,-0.0073,-0.0406,
F154,-0.0914,-0.0174,-0.0018,-0.0206,0.0278,0.0410,0.0018,0.0474,0.0340,0.0258,-0.0080,-0.0102,0.0654,-0.0374,0.1018,-0.0488,-0.0314,0.0062,0.0389,-0.0137,0.0129,-0.0013,0.0042,-0.0020,
F155,-0.0064,0.0031,0.0039,-0.0348,-0.0490,0.0217,0.0682,0.0888,0.0129,0.0002,0.0095,0.0131,0.0096,0.0222,-0.0163,-0.0217,0.0233,0.0101,0.0419,0.0291,-0.0198,-0.0246,0.0106,0.0124,
F156,0.0179,0.0184,0.0509,0.0198,0.0015,-0.0015,-0.0800,-0.0107,0.0235,-0.0458,0.0065,0.0153,0.0111,0.0119,-0.0028,-0.0689,-0.0441,-0.0167,-0.0249,0.0392,0.0428,0.0235,0.0047,0.0020,
F157,-0.0664,0.0075,0.0762,0.0219,0.0449,0.0939,0.0071,0.0218,0.0486,0.0478,-0.0428,0.0124,-0.0379,-0.0358,0.0301,-0.0019,0.0022,0.0402,0.0156,-0.0405,0.0062,-0.0552,0.0099,0.0223,
F158,-0.0337,-0.0242,0.0233,0.0952,0.0112,0.0027,-0.0194,-0.0118,0.0160,0.0077,0.0013,-0.0195,-0.0147,0.0043,0.0110,0.0504,0.0431,-0.0166,0.0451,0.0186,-0.0465,0.0022,0.0975,0.0034,
F159,0.0710,0.0343,-0.0486,-0.0210,0.0358,0.0281,0.0243,0.0125,-0.0041,0.0150,0.0007,-0.0407,-0.0057,0.0013,-0.0245,0.0210,-0.0095,0.0142,0.0196,-0.0054,0.0431,-0.0112,0.0037,0.0041,
F160,-0.0037,0.0212,0.0270,-0.0102,-0.0413,0.0721,-0.0308,-0.0704,0.0781,0.0120,0.0181,0.0067,-0.0493,0.0674,0.0334,0.0475,0.0215,-0.0186,0.0524,-0.0122,-0.0073,-0.0063,-0.0044,-0.0314,
F161,-0.0010,-0.0184,0.0260,0.0091,0.0097,-0.0559,0.0130,0.0136,-0.0306,0.0043,0.0188,0.0302,0.0060,-0.0131,-0.0337,0.0333,0.0918,-0.0044,0.0243,-0.0372,0.0348,0.0972,0.0247,-0.0050,
F162,-0.1236,-0.0063,-0.0012,0.0465,0.0302,0.0465,0.0173,-0.0220,0.0445,-0.0265,0.0505,0.0000,-0.0486,-0.0298,0.0251,-0.0014,-0.0544,0.0374,0.0044,0.0206,0.0741,-0.0366,-0.0357,-0.0241,
F163,0.0234,-0.0134,0.0540,-0.0046,0.0294,0.0078,-0.0310,0.0231,0.0768,-0.0753,-0.0227,0.0118,0.0096,-0.0360,0.0600,-0.0655,0.0711,-0.0399,-0.0900,0.0116,-0.0104,0.0018,-0.0073,-0.0157,
F164,-0.0145,0.0235,-0.0122,0.0022,0.0167,-0.0688,0.0480,0.0669,0.0247,-0.0235,-0.0384,0.1052,0.0798,0.0248,-0.0597,-0.0155,-0.0062,0.0240,-0.0085,-0.0261,0.0120,-0.0084,-0.0276,-0.0428,
F165,-0.0167,-0.0075,0.0444,0.0317,-0.0214,0.0506,0.0736,0.0065,-0.0191,0.0033,0.0177,-0.0199,0.0349,-0.0038,0.0144,-0.0037,0.0454,-0.0831,-0.0318,-0.0956,-0.0045,-0.0352,-0.0276,-0.0082,
F166,0.0296,0.0187,-0.0058,0.0330,0.0428,0.0408,-0.1061,0.0462,0.0043,-0.0188,0.0729,0.0326,0.0635,0.0047,0.0250,-0.0269,-0.0251,0.0283,0.1060,0.0144,0.0266,-0.0274,-0.0538,-0.0000,
F167,0.0631,-0.0067,-0.0024,0.0027,0.0089,-0.0004,0.0357,0.0108,-0.0257,0.0776,-0.0252,-0.0190,-0.0317,0.0378,0.0541,0.0304,-0.0007,0.0296,0.0239,-0.0442,0.0856,0.0231,0.0094,0.0256,
F168,0.0357,-0.0469,0.0305,0.0149,0.0550,0.0139,0.0048,-0.0079,0.0346,0.0074,0.0188,0.0354,-0.0340,0.0108,0.0315,0.0014,0.0409,0.0135,0.0566,-0.0283,-0.0532,-0.0134,-0.0006,0.0583,
F169,-0.0090,0.0192,0.0064,0.0122,-0.1538,0.0471,0.0198,-0.0184,0.0257,0.0193,0.0379,-0.0023,0.0414,-0.0163,0.0088,-0.0056,0.0326,-0.0108,-0.0141,0.0652,0.0482,0.0483,-0.0354,0.0092,
F170,0.0189,0.0139,-0.0006,0.0218,-0.0094,0.0164,0.0103,-0.0098,-0.0213,-0.0097,-0.0350,0.0190,-0.0402,0.0261,0.0288,-0.0679,0.0049,-0.0074,0.0096,-0.0024,0.0041,0.0159,-0.0586,0.0573,
F171,0.0153,0.0163,0.0240,0.0186,-0.0561,0.0046,0.0062,0.0051,0.0434,-0.0157,0.0284,-0.0562,-0.0091,0.0077,0.0116,-0.0004,0.0546,0.0140,-0.0691,-0.0478,0.0064,0.0511,0.0503,0.0157,
F172,0.0035,-0.0071,-0.0465,0.0037,-0.0007,-0.0059,0.0070,-0.0047,-0.0579,-0.0271,0.0038,0.0118,-0.0132,,,,,,,,,,,,13
F173,-0.0030,-0.0242,0.0149,-0.0007,-0.0418,0.0041,-0.0110,0.0012,-0.0194,0.0099,-0.0284,,,,,,,,,,,,,,11
F174,0.0009,0.0043,-0.0010,-0.0101,0.0103,-0.0028,-0.0334,-0.0019,-0.0265,0.0811,0.0010,-0.0210,0.0143,-0.0028,-0.0068,0.0122,-0.0266,-0.0026,0.0014,0.0315,-0.0007,-0.0011,0.0042,-0.0138,
F175,0.0355,-0.0023,0.0278,-0.0204,-0.0072,0.0175,-0.0397,-0.0135,-0.0165,0.0234,0.0146,0.0394,-0.0228,-0.0073,0.0332,0.0480,0.0340,0.0015,-0.0170,0.0491,-0.0167,-0.0232,-0.0299,0.0453,
F176,0.0595,-0.0388,0.0306,-0.0162,-0.0259,0.0068,0.0032,0.0220,-0.0441,0.0042,0.0409,0.0249,0.0409,0.0504,-0.0066,-0.0560,0.0133,-0.0066,0.0386,0.0260,-0.0253,-0.0106,0.0283,-0.0301,
F177,0.0299,-0.0032,-0.0152,-0.0559,0.0100,0.0027,0.0345,0.0180,0.0341,0.0054,-0.0648,-0.0465,0.0064,-0.0035,0.0264,0.0066,-0.0189,,,,,,,,17
F178,0.0123,0.0407,0.0093,-0.0142,0.0185,0.0156,-0.0241,-0.0105,0.0622,0.0286,-0.0071,-0.0037,-0.0090,-0.0114,0.0172,0.0121,-0.0604,0.0143,-0.0149,-0.0109,-0.0705,-0.0221,-0.0027,-0.0361,
F179,0.0542,0.0237,0.0065,-0.0035,0.0112,-0.0056,-0.0233,0.0187,-0.0065,-0.0246,-0.0095,-0.0046,-0.0161,-0.0121,-0.0257,-0.0098,-0.0034,0.0318,0.0175,0.0128,0.0067,-0.0410,-0.0658,0.0292,
F180,0.1008,0.0519,0.0137,0.0705,0.0266,0.0579,0.0300,-0.0288,0.1055,0.0254,-0.0056,-0.0056,0.0263,0.0279,-0.0132,-0.0038,0.0191,-0.0014,0.0150,-0.0091,0.0173,-0.0124,-0.0125,0.0446,
F181,-0.0319,-0.0365,0.0278,0.0340,-0.0161,-0.0055,-0.0026,-0.0299,-0.0441,-0.0168,-0.0211,0.0389,0.0068,0.0132,,,,,,,,,,,14
F182,0.0148,0.0071,-0.0589,-0.0127,0.0047,0.0255,0.0211,-0.0226,0.0312,-0.0220,0.0137,-0.0373,0.0495,-0.0115,0.0266,0.0226,0.0439,-0.0031,,,,,,,18
F183,-0.0242,-0.0502,-0.0625,-0.0071,-0.0918,0.0019,-0.0467,0.0227,0.0318,0.0044,,,,,,,,,,,,,,,10
F184,0.0106,-0.0180,-0.0537,0.0060,0.0508,-0.0623,0.0169,-0.0138,-0.0443,0.0198,0.0266,-0.0250,0.0108,-0.0037,0.0100,,,,,,,,,,15
F185,-0.0134,-0.1930,0.0160,-0.0008,-0.0245,0.0158,-0.0244,-0.1019,-0.0143,0.0221,,,,,,,,,,,,,,,10
F186,0.0113,-0.0312,-0.0121,0.0931,0.0146,-0.0513,-0.0197,0.0187,0.0316,-0.0239,0.0310,0.0417,-0.0746,-0.0905,0.0044,-0.0129,-0.0570,0.0182,0.0067,0.0383,-0.0376,0.0225,0.0146,-0.0050,
F187,-0.0269,0.0004,-0.0128,0.0158,0.0716,-0.0178,0.0168,0.1050,0.0292,-0.0024,-0.0129,-0.0473,-0.0110,0.0539,0.0292,-0.0546,0.0021,-0.0332,0.0537,0.0276,0.0212,0.0561,0.0055,-0.0226,
F188,0.0337,0.0216,0.0061,-0.0142,-0.0425,0.0153,0.0381,0.0734,-0.0069,-0.0112,0.0310,-0.0095,0.0336,-0.0233,-0.0138,0.0345,0.0423,0.0016,0.0659,0.0324,0.0157,0.0033,0.0071,-0.0212,
F189,0.0133,-0.0311,0.0128,0.0066,-0.1272,0.0010,-0.0361,-0.0370,-0.0767,0.0238,,,,,,,,,,,,,,,10
F190,0.0471,0.0085,0.0689,0.0040,0.0351,-0.0298,0.0157,0.0373,0.0055,-0.0131,-0.0181,0.0026,0.0155,-0.0320,0.0095,0.0373,-0.0143,0.0225,0.0078,0.0314,-0.0636,-0.0047,-0.0342,0.0863,
F191,0.0065,0.0408,0.0030,0.0094,0.0464,0.0516,0.0036,-0.0225,-0.0081,-0.0652,-0.0178,0.0714,0.0082,-0.0141,0.0531,-0.0194,-0.0683,0.0374,0.0124,-0.0395,-0.0551,0.0152,0.0378,0.0081,
F192,-0.0013,0.0553,0.0218,0.0163,0.0819,0.0399,-0.0016,-0.0198,-0.0025,-0.0103,0.0127,-0.0295,-0.0189,-0.0427,0.0182,0.0953,-0.0039,-0.0626,-0.0052,-0.0583,-0.0028,-0.0700,0.0466,-0.0169,
F193,-0.0416,0.0132,0.0246,0.0082,0.0046,0.0772,-0.0511,0.0672,0.0435,-0.0070,0.0212,0.0332,0.0220,0.0076,-0.0257,0.0830,0.0113,-0.0110,0.0444,-0.0230,0.0476,0.0225,0.0261,-0.0402,
F194,-0.0519,0.0712,0.0418,-0.0009,0.0144,0.0072,-0.0588,-0.0477,0.0138,-0.0047,0.0061,0.0279,-0.0355,0.0249,0.0012,-0.0097,0.0455,0.0234,0.0576,-0.0575,-0.0593,-0.0040,0.0002,0.0109,
F195,-0.0022,0.0068,0.0221,-0.0308,0.0116,0.0986,-0.0055,-0.0325,-0.0456,-0.0121,-0.0058,0.0101,0.0324,-0.0390,-0.0116,-0.0341,-0.0023,0.0202,-0.0295,0.0404,0.0426,-0.0456,0.0070,0.0568,
F196,-0.0185,0.0087,-0.0100,0.0192,0.0193,-0.0054,0.0004,-0.0066,0.0237,0.0160,-0.0680,0.0144,0.0514,0.0002,-0.0122,-0.0340,-0.0564,0.0239,0.0195,-0.0106,0.0336,0.0159,0.0125,0.0338,
F197,0.0498,0.0350,-0.0551,0.0150,-0.0116,0.0220,0.0096,0.0292,-0.0098,0.0318,0.0021,-0.0006,-0.0249,-0.0260,-0.0196,-0.0422,0.0084,0.0022,0.0107,-0.0157,0.0234,-0.0033,-0.1134,0.0309,
F198,0.0157,0.0390,0.0229,0.0073,0.0563,0.0541,-0.0249,0.0216,0.0116,0.0257,0.0530,0.0034,-0.0209,-0.0118,-0.0165,0.0011,0.0197,0.0424,0.1726,-0.0301,-0.0158,0.0352,0.0045,-0.0060,
F199,0.0202,0.0298,0.0182,-0.0050,-0.0008,0.0152,-0.0047,-0.0695,-0.0352,-0.0009,0.0533,0.0372,-0.0230,-0.0287,-0.0604,-0.0079,0.0258,0.0123,-0.0259,0.0450,-0.0048,0.0125,-0.0233,-0.0051,
F200,0.0715,0.1205,-0.0012,-0.0257,0.0003,0.0119,-0.0413,0.0027,-0.0273,0.0363,-0.0119,-0.0182,0.0088,0.0027,-0.0093,-0.0501,0.0218,0.0278,0.0116,-0.0043,0.0173,0.0309,-0.0760,0.0427,
F201,-0.0036,0.0561,-0.0208,-0.0086,0.0332,0.0010,0.0044,-0.0460,0.0920,0.0544,0.0219,0.0476,0.0284,-0.0175,0.0729,-0.0033,0.0138,0.0128,-0.0321,-0.1058,-0.0578,0.0372,-0.0164,0.0124,
F202,-0.0150,0.0042,0.0518,0.0006,-0.0193,0.0637,-0.0023,-0.0006,0.0346,0.0667,0.0212,-0.0075,0.0022,-0.0056,0.0116,0.0520,-0.0400,-0.0085,-0.0023,0.0746,0.0147,0.0374,0.0315,-0.0478,
F203,0.0150,-0.1175,0.0112,-0.0260,-0.0087,-0.0018,-0.0605,-0.0254,0.0864,0.0311,0.0334,-0.0394,0.0590,0.0082,,,,,,,,,,,14
F204,0.0440,-0.0163,0.0330,-0.0093,0.0332,0.0000,0.0079,0.0282,-0.0464,-0.0123,0.0758,0.0558,0.0235,-0.0187,0.0348,0.0658,0.0280,-0.0097,0.0373,-0.0195,0.0796,-0.0478,-0.0073,-0.0061,
F205,0.0056,0.1756,-0.0315,0.0546,-0.0087,-0.0401,0.0282,0.1146,-0.0109,0.0074,-0.0099,-0.0220,-0.0066,-0.0190,0.0202,0.0509,0.0420,0.0398,0.0142,0.0088,0.0258,-0.0209,-0.0079,-0.0411,
F206,0.0064,0.0415,0.0352,0.0247,0.0184,-0.0118,-0.0463,0.0463,0.0239,-0.0016,-0.0299,0.0361,-0.0432,-0.0105,-0.0155,0.0124,-0.0553,-0.0076,-0.0239,0.0457,-0.0174,0.0882,0.0114,0.0244,
F207,-0.0402,-0.0646,0.0319,-0.0198,-0.0148,0.0051,0.0333,0.0215,-0.0039,-0.0770,0.0184,-0.0051,-0.0058,,,,,,,,,,,,13
F208,-0.0208,0.0208,-0.0094,0.0465,-0.0567,0.0277,-0.0092,0.0005,0.0030,-0.0298,-0.0667,0.0007,-0.0003,0.0304,,,,,,,,,,,14
F209,0.0344,0.0195,0.0077,0.0010,-0.0030,-0.0547,0.0811,0.0189,-0.0111,-0.0277,0.0252,0.0199,-0.0162,0.0227,0.0011,-0.0087,0.1036,0.0199,0.0631,0.0158,-0.0248,0.0305,0.0194,-0.0241,
F210,0.0152,0.0037,-0.0155,0.0339,0.0663,0.0061,-0.0107,-0.0254,-0.0311,-0.0239,-0.0650,-0.0143,-0.0511,-0.0213,0.0140,-0.0363,,,,,,,,,16
F211,-0.0298,0.0228,-0.0962,0.0227,0.0717,-0.0215,-0.0309,-0.0107,-0.0064,0.0267,0.0164,0.0452,0.0076,-0.0383,-0.0182,-0.0613,0.0263,0.0089,-0.0073,-0.0801,0.0513,0.0284,0.0311,-0.0454,
F212,0.0546,0.0244,-0.0295,0.0303,0.0145,0.0861,-0.0059,-0.0300,0.0406,-0.0430,-0.0188,-0.0462,-0.0380,-0.0142,-0.0035,0.0039,0.0657,0.0280,-0.0295,0.0049,-0.0318,-0.0040,0.0237,0.0372,
F213,-0.0323,-0.0261,-0.0044,-0.0115,0.0397,0.0036,0.0014,-0.0483,-0.0296,0.1161,0.0340,-0.0373,0.0210,0.0087,0.0388,0.0349,-0.0074,0.0312,0.0114,-0.0260,-0.0196,-0.0102,-0.0012,0.0032,
F214,-0.0649,0.0325,-0.0004,-0.0097,0.0071,-0.0216,0.0364,-0.0321,-0.0174,0.0086,0.0313,0.0115,0.0091,0.0640,0.0161,-0.0681,-0.0208,0.0518,0.0047,,,,,,19
F215,0.0504,0.0094,0.0306,0.0198,0.0173,-0.0469,0.0377,0.0094,-0.0939,-0.0046,0.0454,-0.0370,-0.0025,0.0556,-0.0592,-0.0198,0.0141,0.0454,0.0682,-0.0194,0.0257,-0.0606,-0.0189,-0.0088,
F216,-0.0203,0.1223,-0.0318,0.0165,-0.0078,-0.0593,-0.0052,-0.0338,0.0300,-0.0814,0.0135,0.1910,0.0408,0.0173,-0.0130,0.0443,0.0147,-0.0514,-0.0003,-0.0525,-0.0673,0.0021,0.0041,0.0073,
F217,-0.0006,0.0091,0.0036,-0.0068,0.0111,0.0367,0.0450,-0.0221,0.0475,0.0254,0.0056,-0.0125,-0.0024,0.0237,0.0126,0.0261,0.0694,0.0115,-0.0388,0.0190,-0.0462,-0.0397,-0.1610,-0.0627,
F218,-0.0427,0.0247,-0.0118,0.0405,0.0360,-0.0081,-0.0209,0.0155,0.0624,-0.0146,0.1170,-0.1228,-0.0035,0.0455,-0.0125,0.0623,0.0297,0.0364,0.0673,0.0102,0.0287,-0.0144,0.0286,-0.0290,
F219,-0.0491,0.0411,-0.0481,0.0123,-0.0336,-0.0482,-0.0046,0.0124,0.0061,0.0165,-0.1058,,,,,,,,,,,,,,11
F220,0.0112,0.0669,-0.0547,0.0023,0.0062,0.0074,0.0394,0.0762,0.1571,0.0527,-0.0029,0.0235,0.0181,0.0461,-0.0023,-0.0117,0.0365,0.0321,0.0428,0.0170,0.0172,0.0140,0.0286,-0.0308,
F221,-0.0225,0.0046,0.0176,0.0220,-0.0127,-0.0710,0.0249,0.0320,0.0256,0.0124,0.0016,0.0003,0.0027,0.0089,-0.0189,0.0078,0.0094,0.0044,0.0146,0.0357,-0.0471,0.0012,0.0190,0.0480,
F222,-0.0157,0.0481,-0.0010,-0.0243,0.0004,0.0037,-0.0006,0.0037,0.0110,0.0229,0.0317,-0.0556,0.0209,0.0565,-0.0183,-0.0057,-0.0023,0.0049,-0.0411,0.0454,-0.0612,0.0490,0.0248,-0.0220,
F223,-0.0094,-0.0867,0.0390,-0.0036,0.0175,0.0262,-0.0621,0.0089,-0.0355,-0.0322,0.0012,0.0634,0.0123,0.1116,0.0324,0.0115,,,,,,,,,16
F224,-0.0316,0.0194,-0.0208,0.0250,0.0018,0.0090,-0.0059,0.0009,-0.0773,-0.0371,-0.0331,0.0275,0.0422,,,,,,,,,,,,13
F225,-0.0080,0.0118,0.0066,0.0226,0.0129,0.0663,0.0301,0.0250,0.0222,0.0347,0.0079,-0.0691,-0.0164,0.0120,0.0271,-0.0205,-0.0060,0.0878,0.0296,-0.0116,-0.0333,0.0094,0.0781,0.0419,
F226,0.0291,0.0304,0.0448,-0.0046,0.0161,-0.0183,0.0219,0.0482,-0.0356,-0.0438,0.0170,-0.0726,0.0040,0.0084,0.0212,-0.0124,0.0136,0.0129,0.0030,0.0070,0.0045,-0.0227,-0.0055,0.0685,
F227,0.0028,0.0030,-0.0909,-0.0219,0.0054,0.0225,0.0439,-0.0638,0.0061,0.0419,0.0664,-0.0155,0.1627,-0.0426,0.0250,0.0266,0.0131,-0.0361,0.0025,0.0021,0.0154,-0.0484,-0.0814,-0.0463,
F228,0.1528,0.0598,0.0349,-0.0354,0.0765,-0.0033,0.0442,-0.0281,0.0250,-0.0682,-0.0131,-0.0542,-0.0108,-0.0108,0.0139,0.0548,0.0314,-0.0025,-0.0687,0.0024,0.0341,0.0361,0.0073,0.0645,
F229,0.0156,0.0008,0.0453,0.0252,0.0244,-0.0353,-0.0212,0.0185,0.0391,-0.0260,-0.0245,0.0137,-0.0277,-0.0007,0.0223,-0.0164,-0.0556,-0.0450,0.0056,0.0767,-0.0060,-0.0384,-0.0245,-0.0332,
F230,-0.0096,0.0232,-0.0238,0.0392,0.0030,0.0084,-0.0191,0.0406,-0.0095,0.0436,0.0579,0.0107,0.0102,0.0266,-0.0565,-0.0088,-0.0405,0.0433,0.0044,-0.0908,-0.1352,-0.0193,-0.0121,0.0386,
F231,0.0264,-0.0410,-0.0058,0.0234,0.0716,0.0282,-0.0006,-0.0171,-0.0202,-0.0503,-0.0054,0.0276,0.0196,0.0319,-0.0277,-0.0142,0.0472,-0.0280,-0.0045,0.0285,0.0654,0.0554,-0.0312,-0.0004,
F232,0.0103,0.0120,-0.0276,0.0298,-0.0451,0.0037,-0.0105,-0.0172,0.0146,0.0188,0.0465,0.0507,0.1214,0.0088,0.0332,-0.0339,-0.0172,0.0118,0.0135,-0.0344,-0.0261,-0.0008,-0.0164,0.0009,
F233,-0.0204,-0.0402,-0.0154,0.0283,0.0237,-0.0130,0.0758,0.0142,0.0225,0.0016,0.0163,-0.0131,0.0030,-0.0305,-0.0628,0.0499,-0.0484,-0.0533,0.0100,0.0260,0.0227,0.0050,0.0759,-0.0370,
F234,-0.0039,0.0145,0.0101,0.0224,0.1200,0.0565,0.0059,-0.0297,0.0156,0.0386,0.0117,-0.0594,-0.0044,-0.0204,-0.0049,0.0314,0.0289,-0.0047,0.0031,0.0136,0.0042,-0.0066,0.1484,-0.0833,
F235,0.0210,0.0030,0.0009,0.0189,0.0642,0.0099,0.0026,0.0297,0.0291,0.0400,0.0466,0.0071,0.0097,0.0369,-0.0064,0.0750,-0.0152,-0.0142,0.1169,-0.0246,-0.0788,0.0169,0.0862,-0.0205,
F236,-0.1117,0.0596,0.0303,0.0021,0.0309,0.0005,0.0297,0.0353,0.0294,-0.0165,-0.0062,-0.0291,-0.0002,-0.0308,-0.0059,-0.0252,-0.0293,-0.0810,-0.0657,0.0611,-0.0001,0.0544,-0.0552,0.0166,
F237,-0.0089,-0.0732,-0.0105,-0.0096,-0.0128,-0.0686,-0.0337,0.0266,0.0394,-0.0038,,,,,,,,,,,,,,,10
F238,0.0796,-0.0320,0.0330,0.0068,-0.0112,0.0352,-0.0008,0.0012,-0.0104,-0.0435,-0.0114,-0.0449,-0.0774,0.0244,-0.0105,0.0428,0.0369,-0.0120,-0.0032,0.0298,-0.0144,0.0075,0.0068,0.0866,
F239,0.0219,-0.0088,-0.0098,0.0214,-0.0008,0.0053,0.0758,-0.0272,0.0332,-0.0025,-0.0592,0.0577,0.0087,-0.0002,-0.0314,0.0519,-0.0171,0.0082,-0.0203,0.0013,0.0199,0.0388,0.0256,0.0508,
F240,0.0001,0.0725,-0.0196,0.0114,-0.0058,-0.0252,-0.0173,-0.0222,-0.0626,-0.0198,0.0299,0.0206,0.0373,0.0364,-0.0048,-0.0148,-0.0154,0.0323,,,,,,,18
F241,0.0189,-0.0450,-0.0129,0.0466,-0.0312,0.0323,-0.0164,0.0113,0.0599,0.0129,0.0178,-0.0115,-0.0275,-0.0159,0.0253,-0.0643,-0.0285,-0.0972,0.0054,-0.0090,0.0082,-0.0096,-0.0051,0.0022,
F242,-0.0149,0.0899,-0.0100,-0.0720,0.0414,0.0467,0.0071,0.0067,0.0239,-0.0009,0.0105,0.0829,0.0806,-0.0053,0.0098,-0.0084,0.0374,0.0384,-0.0008,0.0062,-0.0489,0.0063,-0.0253,0.0300,
F243,-0.0741,0.0097,0.0517,0.0677,0.0113,0.0488,0.0033,0.0209,-0.0036,-0.0157,-0.0356,-0.0134,-0.0535,0.0195,-0.0666,0.0293,0.0147,0.0228,0.0118,-0.0095,-0.0171,0.0083,0.0294,0.0607,
F244,-0.0131,0.0173,-0.0200,0.0462,0.0039,-0.0015,0.0784,0.0174,0.0197,-0.0137,-0.0407,-0.0067,0.0198,-0.0004,-0.0042,-0.0038,0.0113,0.0410,0.0560,0.0153,0.0290,0.0137,0.0372,-0.0002,
F245,0.0007,0.0368,0.0554,0.0786,-0.0505,0.0014,0.0169,-0.0123,0.0867,-0.0375,0.0741,0.0323,-0.0234,0.0277,0.0334,-0.0245,0.0377,-0.0073,0.0281,-0.0083,-0.0126,0.0053,-0.0687,-0.0675,
F246,-0.0492,-0.0043,-0.0126,0.0075,0.0012,-0.1270,0.0310,-0.0207,0.0259,0.0161,0.0196,0.0073,-0.0040,-0.0127,,,,,,,,,,,14
F247,0.0134,-0.0374,0.0526,0.0023,0.0378,-0.0035,-0.0352,0.0190,0.0792,0.0195,0.0320,-0.0083,0.0728,-0.0384,0.0201,-0.0351,0.0047,0.0353,0.0447,0.0177,-0.0230,0.0283,0.0272,0.0069,
F248,0.0095,0.0412,-0.0285,0.0226,-0.0283,0.0445,-0.0204,0.0009,0.0164,-0.0337,0.0272,0.0301,0.0241,0.0116,-0.0255,-0.0618,-0.0146,0.0231,-0.0315,0.0150,0.0215,0.0191,-0.0388,0.0413,
F249,0.0511,0.0045,0.0058,0.0285,-0.0035,0.0344,-0.0213,0.1233,0.0415,0.0587,0.0104,-0.0271,0.0272,0.0028,-0.0046,0.0021,-0.0310,-0.0191,-0.0447,0.0175,-0.1012,-0.0045,-0.0148,-0.0800,
F250,0.0064,0.0482,-0.0970,0.0747,0.0414,0.0027,-0.0479,0.0241,0.0154,0.0279,-0.0293,-0.0189,0.0021,0.1030,0.0144,-0.0328,0.0295,-0.0081,-0.0236,-0.0391,0.0498,-0.0025,0.0169,-0.0200,
F251,-0.0450,0.0385,0.0062,0.0127,-0.0454,-0.0091,-0.0188,0.0369,0.0228,-0.0054,0.0458,0.0466,-0.0001,-0.0049,-0.0208,0.0293,0.0176,0.0091,0.0554,-0.0007,-0.0142,-0.0040,0.0116,0.0872,
F252,0.0532,-0.0441,0.0393,0.0077,0.0234,-0.0372,-0.0315,-0.0013,-0.0134,-0.0804,-0.0581,,,,,,,,,,,,,,11
F253,0.0526,0.0442,0.0327,-0.0379,0.0759,-0.0025,0.0525,0.0280,-0.0119,0.0075,0.0459,0.0398,-0.0186,-0.0448,0.0288,0.0186,0.0173,0.0944,0.0247,0.0408,-0.0030,0.0108,0.0109,0.0728,
F254,-0.0125,0.0037,0.0372,0.0007,0.0324,0.0632,0.0225,-0.0058,0.0093,0.0068,-0.0032,-0.0251,0.0073,0.0548,0.0536,0.0215,0.0054,-0.0307,0.0289,0.0230,0.0134,-0.0192,0.0917,0.0477,
F255,0.0169,0.0419,-0.0262,-0.0354,-0.0062,-0.0752,-0.0059,0.0034,0.0132,-0.0292,0.0130,0.0447,0.0031,0.0080,-0.0040,-0.0168,-0.0141,,,,,,,,17
F256,0.0117,0.0401,0.0254,0.0374,-0.0127,0.0045,0.0165,-0.0066,-0.0054,0.0124,0.0059,0.0487,-0.0090,-0.1072,-0.0814,-0.0445,0.0309,0.0111,0.0099,-0.0427,0.0102,0.0081,0.0517,-0.0062,
F257,0.0297,0.0230,-0.0092,0.0014,-0.0023,-0.0225,0.0137,-0.0089,0.0155,-0.0692,-0.0483,-0.0036,0.0035,-0.0278,-0.0178,,,,,,,,,,15
F258,0.0202,-0.0296,0.0614,-0.0077,0.0244,-0.0020,-0.0069,-0.0317,-0.0223,0.1027,-0.0088,-0.0170,0.0020,0.0736,-0.0144,0.0596,-0.0058,-0.0044,0.0257,0.0034,0.0584,0.0468,0.0211,-0.0479,
F259,-0.0276,-0.0400,0.0058,-0.0116,0.0011,0.0279,-0.0043,-0.0344,-0.0207,-0.0508,-0.0076,0.0520,0.0128,,,,,,,,,,,,13
F260,-0.0279,0.0103,0.0242,0.0056,0.0346,0.0467,0.0735,-0.0910,0.0329,-0.0514,-0.0484,-0.0156,0.0550,-0.0337,-0.0204,-0.0293,-0.0180,0.0420,-0.0267,0.0149,0.0541,-0.0106,-0.0630,-0.0574,
F261,0.0780,-0.0103,0.0477,0.0266,0.0057,0.0460,0.0440,-0.0245,-0.0185,-0.0377,-0.0126,-0.0203,0.0224,0.0086,-0.0518,0.0246,-0.0318,0.0498,-0.0060,0.0687,-0.0014,0.0270,-0.0212,0.0453,
F262,-0.0038,-0.0087,0.0130,-0.0614,0.0464,-0.0085,-0.0443,-0.0059,0.0181,0.0172,-0.0190,0.0165,0.0181,0.0064,-0.0333,-0.0129,-0.0389,0.0158,,,,,,,18
F263,0.0184,0.0435,0.0341,-0.0071,0.0126,0.0233,0.0273,-0.0241,-0.0231,0.0125,0.0049,0.0012,-0.0220,0.0141,-0.0108,0.0256,-0.0354,-0.0009,0.0069,-0.0378,0.0089,-0.0221,-0.0093,-0.0161,
F264,0.0280,-0.0171,-0.0236,-0.0667,-0.0783,-0.0073,-0.0672,0.0135,0.0142,-0.0128,,,,,,,,,,,,,,,10
F265,-0.0077,0.0141,-0.0547,0.0318,-0.0121,-0.0102,0.0230,0.0129,0.0084,-0.0226,-0.0075,-0.0271,0.0344,0.0182,0.0322,-0.0145,0.0227,,,,,,,,17
F266,0.0043,-0.0414,0.0257,-0.0214,0.0160,0.0183,-0.0315,0.0140,-0.0072,0.0410,0.0259,0.0809,0.0204,-0.0077,0.0361,0.0286,0.0295,-0.0032,0.0133,0.0195,0.0104,-0.0156,-0.0892,0.0147,
F267,0.0229,0.0127,0.0349,0.0079,-0.0365,-0.0157,-0.0092,0.0671,-0.0272,0.0174,0.0252,0.0063,-0.0735,0.0040,0.0323,0.0308,-0.1231,-0.1041,-0.0084,-0.0364,-0.0042,-0.0569,0.0066,-0.0021,
F268,-0.0531,0.2372,-0.0071,-0.0397,-0.0083,0.0383,-0.0312,0.0059,0.0055,0.0087,0.0301,0.0284,-0.0075,-0.0937,0.0199,0.0089,-0.0135,-0.0005,-0.0227,0.0127,0.0596,-0.0467,0.0119,0.0273,
F269,0.0103,-0.0772,0.0273,-0.0698,-0.0140,-0.0271,0.0138,-0.0348,0.0291,0.0432,0.0581,0.0280,-0.0434,0.0053,-0.0288,-0.0074,0.0184,-0.0319,0.0427,,,,,,19
F270,-0.0015,0.0169,0.0555,0.0344,-0.0073,0.0101,0.0066,0.0462,0.0126,-0.0006,-0.1454,0.0335,-0.0262,-0.0151,-0.0177,-0.0477,-0.0013,-0.0098,0.0190,0.0318,-0.0232,0.0669,-0.0081,-0.0221,
F271,0.0251,-0.0064,-0.0612,0.0542,0.0036,-0.0172,0.0549,0.0152,0.0258,0.0448,0.0197,-0.0323,0.0391,0.0290,0.0259,-0.0443,-0.0079,-0.0615,0.0077,0.0792,0.0205,0.0355,0.0043,0.0200,
F272,-0.0024,-0.0058,0.0090,-0.0367,-0.0018,0.0026,0.0264,0.0331,0.0044,0.0456,-0.0336,0.0129,0.0166,0.0049,-0.0032,0.0146,0.0387,0.0388,-0.0114,0.0215,0.0666,0.0439,-0.0022,0.0189,
F273,0.0296,0.0051,0.0018,0.0617,-0.0459,-0.0165,0.0047,0.0046,0.0055,-0.0045,-0.0163,-0.0097,0.0059,0.0610,0.0176,-0.0646,0.0040,0.0208,-0.0007,0.0544,-0.0026,-0.0011,0.0053,-0.0556,
F274,0.0280,0.0749,0.0028,-0.0061,0.0126,0.0227,-0.0354,0.0312,0.0036,-0.0480,-0.0012,0.0134,-0.0013,0.0308,0.0332,0.0421,-0.0087,0.0554,-0.0109,0.0109,0.0766,0.0136,0.0195,0.0020,
F275,0.0176,0.0338,-0.0155,0.0039,-0.0275,0.0609,0.0155,0.0113,0.0474,-0.0083,0.0808,-0.0529,0.0124,0.0037,0.0161,-0.0442,-0.0049,0.0522,0.0032,-0.0069,0.0727,0.0359,-0.0038,-0.0314,
F276,-0.0117,0.0686,0.0176,0.0144,-0.0198,-0.0196,0.0408,0.0256,0.0234,0.0189,-0.0652,-0.0026,0.0566,-0.0071,-0.0092,0.0094,0.0189,-0.0097,0.0120,-0.0356,0.0166,0.0522,-0.0420,0.0076,
F277,0.0130,-0.0618,0.0109,0.0027,0.0218,-0.0163,-0.0077,0.0386,0.0004,0.0904,-0.0271,-0.0188,0.0198,0.0535,0.0120,0.0125,-0.0203,0.0557,0.0446,-0.0300,0.0112,0.0023,-0.0268,-0.0082,
F278,0.0178,0.0422,0.0213,-0.0431,-0.0190,0.0006,-0.0128,0.0336,0.0013,0.0362,0.0581,0.0097,-0.0062,0.0217,0.0461,0.0184,-0.0827,-0.0528,0.0094,-0.0538,-0.0111,-0.0181,-0.0067,0.0000,
F279,0.0475,-0.0292,0.0122,0.0351,-0.0203,0.0255,-0.0131,0.0335,0.0391,0.0331,-0.0124,-0.0106,0.0098,0.0160,-0.0046,0.0466,0.0176,-0.0077,-0.0274,0.0282,-0.0238,-0.0119,-0.0125,0.0271,
F280,0.0212,-0.0444,-0.0947,0.0860,-0.0172,-0.0550,-0.0162,0.0132,-0.0267,-0.0104,0.0095,0.0172,0.0434,,,,,,,,,,,,13
F281,-0.0360,-0.0333,0.0244,-0.0195,0.0369,-0.0050,0.0272,-0.0000,0.0333,0.0221,-0.0754,0.0264,0.0276,0.0074,-0.0114,0.0001,-0.0061,0.0430,0.0107,0.0778,0.0215,-0.0591,0.0537,-0.0024,
F282,0.0170,0.0310,-0.0201,0.0155,0.0121,0.0012,0.0307,-0.0072,-0.0254,0.0443,0.0067,0.0058,0.0399,0.0216,-0.0133,0.0062,0.0757,-0.0239,0.0019,0.0117,0.1076,0.0183,0.0537,0.0190,
F283,0.0001,-0.0405,-0.0207,0.0114,-0.0965,-0.0141,0.0068,-0.0031,0.0234,-0.0003,-0.0212,0.0294,0.0581,,,,,,,,,,,,13
F284,-0.0340,0.0514,-0.0443,0.0028,0.0401,0.0338,0.0134,-0.0100,0.0307,0.0064,0.0371,-0.0270,0.0016,0.0199,0.0373,0.0403,-0.0443,-0.0094,0.0151,-0.0090,-0.0763,-0.0961,0.0165,0.0150,
F285,0.0200,-0.0156,-0.0024,0.0073,0.0499,0.0021,-0.0072,0.0264,-0.0302,0.0424,0.0277,-0.0278,0.0513,0.0460,-0.0050,-0.0687,0.0016,-0.0443,0.0364,0.0261,0.0551,-0.0114,0.0029,0.0184,
F286,-0.0298,0.1123,-0.0171,0.0226,-0.0211,-0.0009,0.0757,-0.0025,-0.0035,-0.0380,-0.0003,0.0004,-0.0290,0.0314,0.0296,-0.0616,-0.0179,0.0064,-0.0179,-0.0145,-0.0574,-0.0063,0.1062,0.0046,
F287,-0.0043,-0.0283,0.0171,0.0094,0.0016,0.0144,-0.0398,0.0012,-0.0032,-0.0031,-0.0086,0.0822,0.0030,-0.0439,0.0026,-0.0309,0.0204,-0.0557,-0.0123,-0.0473,0.0217,-0.0124,0.0368,0.0259,
F288,-0.0213,0.0398,0.0121,-0.0046,-0.0363,-0.0192,0.0215,-0.0491,0.1384,-0.0503,-0.1013,-0.0003,-0.0200,-0.0295,-0.0566,0.0959,,,,,,,,,16
F289,0.0676,0.0425,0.0018,0.0341,0.0021,-0.0043,-0.0040,-0.0466,0.0414,0.0036,0.0336,0.0397,0.0213,0.0353,-0.0298,-0.0058,0.0253,0.0135,0.0182,0.0042,-0.0168,-0.0477,0.0540,-0.0034,
F290,0.0295,0.0275,-0.0861,-0.0092,0.0332,0.0234,0.0513,-0.0649,0.0251,-0.0338,-0.0336,0.0211,0.0104,-0.0022,0.0170,0.0448,0.1171,0.0205,-0.0013,,,,,,19
F291,0.0418,-0.0224,0.0115,-0.0427,0.0079,-0.0155,-0.0486,0.0168,-0.0085,-0.0024,-0.0333,0.0138,-0.0143,0.0256,0.0150,,,,,,,,,,15
F292,0.0232,-0.0116,0.0291,0.0225,0.0252,0.0104,0.0599,-0.0278,-0.0033,0.0857,0.0204,0.0214,-0.0091,-0.0043,-0.0040,-0.0048,0.0199,-0.0170,0.0038,0.0289,0.0429,0.0057,0.0172,-0.0230,
F293,0.0483,-0.0363,0.0069,0.0053,0.0060,0.0495,0.0765,-0.0483,-0.0104,-0.0066,-0.0674,-0.0136,-0.0237,0.0187,-0.0358,-0.0046,-0.0335,-0.0332,0.0465,0.0466,0.0077,-0.0824,0.0576,-0.0042,
F294,-0.0239,0.0441,-0.0108,-0.0557,-0.0122,-0.0176,-0.0014,-0.0166,0.0439,0.0048,-0.0036,0.0689,-0.0248,0.0133,0.0102,0.0545,-0.0142,0.0341,-0.0062,-0.0273,0.0339,0.0171,0.0398,-0.0277,
F295,-0.1409,0.0141,-0.0386,0.0112,-0.0335,0.0165,0.0051,0.0328,0.0191,0.0030,0.0163,-0.0418,,,,,,,,,,,,,12
F296,0.0116,0.0138,0.0897,0.0244,-0.0598,-0.0086,0.0028,-0.0006,0.0494,-0.0114,0.0397,0.0134,0.0166,0.0114,-0.0246,-0.0149,0.0177,-0.0422,0.0135,0.0117,0.0082,-0.0084,-0.0281,0.0370,
F297,0.0066,0.0196,-0.0298,-0.0156,0.0398,0.0150,0.0614,0.0233,-0.0499,-0.0572,0.0469,0.0156,0.0149,-0.0469,-0.0185,0.0439,0.0302,-0.0546,-0.0007,-0.0292,0.0246,-0.1020,0.0127,0.0401,
F298,0.0176,0.0261,0.0129,0.0433,0.1146,0.0235,0.0334,0.0010,-0.0091,0.0298,-0.0104,-0.0373,-0.0196,0.0276,0.0394,-0.0178,-0.0123,-0.0219,-0.0078,0.0656,0.0142,-0.0091,0.0576,-0.0529,
F299,-0.1078,-0.0006,0.0037,-0.0119,0.0256,0.0000,-0.0769,0.0153,0.0260,0.0059,-0.0195,0.0274,0.0162,,,,,,,,,,,,13
F300,0.0233,0.0291,0.0805,0.0328,-0.0007,0.0091,-0.0026,-0.0300,0.0146,0.0226,-0.0046,-0.0312,0.1495,-0.0081,-0.0766,-0.1025,0.0329,-0.0173,0.0317,0.0231,0.0406,-0.0119,0.0462,-0.0259,
F301,0.0043,0.0534,-0.0193,0.0282,0.0221,-0.0273,-0.0401,-0.0208,0.0168,-0.0158,-0.0530,-0.0034,0.0148,-0.0272,0.0052,-0.0423,0.0139,,,,,,,,17
F302,-0.0025,0.0083,0.0173,0.0762,-0.0320,0.0342,-0.0437,-0.0082,-0.0230,0.0250,-0.0331,-0.0091,-0.0482,-0.0288,0.0363,0.0078,-0.0223,-0.0145,-0.0395,-0.0342,0.1499,0.0165,-0.0224,0.0164,
F303,0.0400,-0.0038,-0.0133,0.0207,-0.0012,-0.0476,-0.0209,-0.0343,-0.0450,-0.0058,0.0415,-0.0169,-0.0186,0.0314,-0.0259,,,,,,,,,,15
F304,-0.0052,0.0113,-0.0394,0.0083,0.0499,0.0527,0.0023,0.0209,0.0038,-0.0085,0.0235,0.0430,-0.0074,-0.0162,-0.0011,0.1788,-0.0337,-0.0089,-0.0406,0.0150,0.0317,-0.0144,-0.0446,0.0149,
F305,-0.0085,0.0103,0.0735,0.0069,0.0161,-0.1278,0.0266,-0.0107,0.0107,0.0027,-0.0469,0.0095,-0.0125,0.0164,0.0263,0.0562,0.0237,0.0253,,,,,,,18
F306,0.0146,0.0281,0.0396,0.0333,-0.0049,-0.0312,-0.0658,0.0124,0.0070,-0.0073,0.0767,-0.0583,0.0160,0.0634,0.0452,0.0330,0.0235,0.0085,0.0579,-0.0317,0.0268,-0.0064,-0.0020,-0.0003,
F307,0.0010,0.1036,-0.0208,0.0332,-0.0367,0.0286,0.0163,0.0052,-0.0226,0.0041,0.0089,-0.0043,-0.0794,-0.0193,-0.0166,0.0168,0.0395,-0.0094,-0.0026,0.0657,0.0301,0.0193,0.0211,0.0638,
F308,0.0308,0.0057,0.0036,0.0391,0.0456,0.0735,-0.1036,-0.0352,0.0266,-0.0138,0.0280,0.0379,-0.0184,0.0052,0.0355,0.0461,-0.0757,-0.0009,-0.0288,-0.0629,0.0485,-0.0534,-0.0186,-0.0459,
F309,0.0443,0.0061,0.0257,-0.0072,0.0225,-0.0157,-0.0416,0.0013,0.0091,0.0194,-0.0428,-0.0063,0.0031,0.0463,0.0056,-0.0163,-0.0367,-0.0026,0.0070,0.0030,-0.0614,-0.0177,0.0287,-0.0109,
F310,-0.0035,0.0504,0.0784,0.0060,0.0848,0.0070,-0.0362,0.0097,0.0108,0.0099,0.0248,0.0605,0.0078,0.0483,0.0016,-0.0652,-0.0095,0.0380,-0.0293,-0.0213,0.0031,0.0245,0.0023,0.0330,
F311,0.0430,-0.0109,0.0065,0.0013,0.0357,0.0484,0.0089,0.0312,0.0058,-0.0016,0.0450,-0.0890,-0.0281,0.0226,0.0076,-0.0572,0.0308,0.0171,-0.0285,-0.0580,-0.0451,0.0134,0.0376,0.0476,
F312,-0.0089,-0.0087,0.0113,-0.0065,0.0087,0.0062,-0.0007,0.0316,-0.0110,-0.0252,-0.0418,-0.0025,0.0246,0.0738,0.0321,-0.0242,0.0118,,,,,,,,17
F313,0.0444,0.0353,0.0247,0.0066,-0.0103,0.0144,0.0007,0.0001,-0.0091,0.0095,-0.0188,0.0492,0.0232,-0.0209,-0.0166,0.0531,0.0057,0.0418,-0.0040,0.0084,-0.0107,0.0453,-0.0156,-0.0251,
F314,-0.0000,-0.0093,-0.0312,0.0876,-0.0388,-0.1443,-0.0155,-0.0185,0.0398,-0.0104,0.0158,0.0187,-0.0274,0.0402,,,,,,,,,,,14
F315,-0.0116,-0.0337,-0.0361,-0.0036,0.0167,-0.0385,-0.0254,0.0751,0.0699,0.0050,-0.0177,-0.0010,-0.0195,0.0605,0.0249,0.0084,-0.0527,0.0406,-0.0589,0.0002,0.0002,0.0638,-0.0068,-0.0581,
F316,0.0042,-0.0339,0.0003,0.0344,0.0119,-0.0110,0.0396,0.0807,-0.0208,-0.0207,0.0087,0.0573,-0.0175,0.0011,-0.0553,0.0304,0.0645,-0.0479,0.0316,0.0524,0.0091,0.0199,0.0364,-0.0654,
F317,-0.0422,0.0202,-0.0315,0.0269,0.0159,-0.0052,0.0348,-0.0027,-0.0770,0.0325,-0.0018,0.0068,0.0966,-0.0436,-0.0315,-0.0298,0.0330,-0.1860,0.0139,,,,,,19
F318,0.0130,0.0037,0.0287,0.0272,0.0176,-0.0529,-0.0012,0.0067,0.0105,-0.0168,0.1070,-0.0281,-0.0039,0.0121,-0.0225,-0.0116,0.0428,-0.0157,0.0136,0.0017,-0.0319,0.0058,-0.0644,-0.1284,
F319,0.1153,-0.0075,0.0505,0.0162,-0.0130,0.0174,0.0260,0.0131,0.0176,0.0031,0.0344,0.0126,-0.0240,0.0126,0.0644,0.0087,0.0346,-0.0552,-0.0028,0.0466,-0.0019,0.0102,0.0005,-0.0033,
F320,0.0404,0.0435,-0.0249,0.0231,0.0117,-0.0068,0.0571,0.0146,-0.0112,0.0315,0.0219,0.0094,0.0047,-0.0147,-0.0216,0.0784,-0.0201,-0.0323,0.0299,-0.0257,0.0023,-0.0264,-0.0466,-0.0287,
F321,0.0406,-0.0400,-0.0048,0.0335,0.0190,-0.0532,-0.0420,0.0290,-0.0122,0.0030,0.0245,-0.0414,-0.0419,-0.0003,-0.0312,-0.0238,0.0765,-0.0056,,,,,,,18
F322,-0.0129,0.0187,0.0377,0.0313,-0.0013,0.0345,-0.0241,-0.0320,0.0123,0.0253,-0.0030,-0.0198,0.0024,0.0304,-0.0441,-0.0487,-0.0118,0.0344,0.0164,0.0542,0.0028,-0.0130,0.0189,0.0410,
F323,0.0131,-0.0325,-0.0275,-0.0197,0.0345,0.0049,0.0268,0.0418,-0.0002,-0.0161,-0.0038,0.0458,-0.0014,-0.0541,0.0212,-0.0120,-0.0468,-0.0429,0.0055,0.0404,0.0291,0.0133,-0.0221,-0.0467,
F324,0.0075,-0.0004,0.0438,-0.0090,-0.0200,-0.0128,-0.0018,0.0226,0.0164,-0.0217,-0.0233,0.0132,0.0076,0.0012,0.0255,-0.0037,0.0556,0.0254,0.0197,0.0123,0.0348,0.0566,0.0441,-0.0576,
F325,0.0394,-0.0298,0.0664,0.0206,-0.0372,-0.0169,0.0146,0.0115,0.0449,-0.0363,-0.0395,0.0021,-0.0115,0.0416,-0.0524,0.0098,0.0991,-0.0041,-0.0572,0.0147,0.0005,0.0083,-0.0196,0.0460,
F326,0.0032,0.0084,0.0086,0.0011,0.0284,0.0053,-0.0044,0.0480,0.0549,0.0044,-0.0006,-0.0319,0.0637,0.0303,0.0186,-0.0607,-0.0108,0.0736,0.0647,-0.0229,-0.0317,-0.0458,-0.0496,-0.0443,
F327,0.0058,-0.0939,0.0062,0.0289,0.0588,0.0174,-0.0002,0.0280,-0.0002,-0.0060,0.0152,0.0564,-0.0128,0.0053,0.0186,-0.0042,0.0177,-0.0495,-0.0005,-0.0162,0.0049,-0.0147,-0.0511,0.0255,
F328,-0.0058,0.0048,0.0131,0.0137,0.0301,-0.0272,0.0041,0.0349,-0.0132,0.0222,-0.0333,0.0204,0.0248,-0.0213,0.0896,0.0431,-0.0165,0.0119,0.0168,-0.0078,-0.0217,-0.0107,0.0100,0.0252,
F329,0.0556,-0.0283,0.0356,-0.0122,0.0050,-0.0501,0.0260,0.0500,-0.0200,-0.0270,0.0636,-0.0194,0.0182,-0.0352,0.0215,-0.0088,-0.0060,-0.0048,-0.0355,0.0090,-0.0176,0.0190,0.0072,-0.0656,
F330,0.0205,0.0380,0.0219,-0.0015,-0.0268,0.0238,0.0374,0.0041,0.1036,-0.0647,0.0050,0.0024,0.0476,0.0135,0.0454,0.0351,0.0175,-0.0352,-0.0724,0.0272,0.0207,0.0303,-0.0043,0.0126,
F331,-0.0380,0.0250,0.0973,-0.0109,0.0262,0.0052,-0.0016,0.0375,0.0299,0.0256,-0.0090,0.0275,0.0246,-0.0195,-0.0187,0.0035,0.0402,0.0198,0.0199,-0.0049,-0.0440,0.0133,-0.0315,-0.0096,
F332,0.0171,-0.0122,-0.0414,0.0094,-0.0059,0.0350,0.0048,-0.0034,0.0449,-0.0526,0.0800,-0.0053,0.0054,-0.0597,0.0039,-0.0061,-0.0510,0.0516,0.0235,0.0313,-0.0210,0.1129,0.0368,0.0349,
F333,-0.0063,0.0042,0.0142,0.0270,-0.0541,0.0146,-0.0093,-0.0225,-0.0179,-0.0090,0.0687,0.0010,-0.0621,0.0565,-0.0380,0.0000,-0.0058,0.0357,-0.0019,0.0113,0.0823,0.0548,0.0102,0.0200,
F334,0.0787,-0.0200,0.0131,-0.0040,0.0245,0.0153,0.0679,0.0346,0.0218,-0.0047,-0.0623,-0.0260,-0.0398,-0.0680,0.0325,0.0307,0.0841,-0.0068,0.0375,0.0104,0.0090,0.0311,0.0215,-0.0032,
F335,0.0066,0.0039,0.0179,-0.0243,0.0041,0.0140,-0.0349,0.0159,0.0199,0.0030,0.0953,0.0244,-0.0117,-0.0032,0.0042,-0.0036,-0.0527,-0.0397,-0.0225,-0.0254,-0.0567,0.0099,-0.0416,-0.0257,
F336,0.0383,-0.0170,0.0124,0.0272,-0.0927,0.0319,0.0264,-0.0744,0.0280,0.0287,-0.0152,0.0041,-0.0207,0.0189,-0.0242,0.0516,0.0249,-0.0120,0.0151,-0.0568,0.0107,-0.0307,-0.0318,0.0383,
F337,0.0449,0.0327,0.0093,0.0178,0.0523,0.0046,0.0475,0.0156,-0.0024,0.0124,0.0261,0.0187,0.0139,0.0380,-0.0056,0.0152,0.0343,-0.0264,-0.0247,-0.0041,0.0743,-0.0606,0.1207,0.0418,
F338,0.0138,0.0251,0.0203,0.0244,-0.0166,-0.0319,0.0147,0.0021,0.0065,-0.0771,0.0605,0.0283,-0.0219,-0.0145,-0.0446,-0.0014,-0.0069,-0.0187,-0.0057,0.0099,-0.0239,0.0112,0.0026,0.0122,
F339,-0.0029,-0.0007,-0.0437,0.0220,-0.0271,0.0206,-0.0353,0.0022,-0.1155,0.0390,0.0163,,,,,,,,,,,,,,11
F340,0.0473,-0.0302,0.0088,0.0556,0.0177,0.0156,0.0118,-0.0033,0.0525,0.0659,0.0287,0.0122,0.0910,0.0542,-0.0103,-0.0029,-0.0661,-0.0184,-0.0173,0.0298,-0.0289,-0.0553,0.0453,0.0154,
F341,0.0210,-0.0048,0.0364,0.0481,-0.0206,0.0070,0.0184,-0.0313,0.0770,0.0372,-0.0259,-0.0266,0.0185,0.0174,0.0215,0.0110,0.0102,-0.0050,-0.0529,0.0403,-0.0252,0.0353,0.0291,0.0054,
F342,0.0424,0.0185,0.0314,-0.0316,-0.0630,-0.0649,-0.0181,-0.0069,0.0062,0.0449,0.0002,0.0169,-0.0363,0.0152,-0.0116,0.0013,0.0504,-0.0141,-0.0038,,,,,,19
F343,0.0729,0.0251,0.0369,-0.0302,0.0467,-0.0126,0.0930,-0.0035,0.0273,0.0635,-0.0271,0.0118,-0.0130,-0.0238,-0.0239,0.0329,-0.0075,-0.0155,0.0057,0.0531,-0.0851,0.0100,0.0591,-0.0746,
F344,0.0301,-0.0241,-0.0441,-0.0363,0.0132,-0.0011,-0.0071,0.0467,0.0139,0.0040,0.0185,0.0066,-0.0318,0.0088,0.0749,-0.0572,-0.0100,0.0284,-0.0176,-0.0225,0.0460,0.0139,0.0645,-0.0114,
F345,-0.0683,-0.0053,0.0315,0.0533,0.0238,0.0432,-0.0053,0.0358,-0.0038,0.0255,0.0289,-0.0321,-0.0396,0.0673,-0.0195,-0.0190,-0.0437,0.0231,0.0338,0.0029,-0.0039,-0.0072,-0.0294,-0.0391,
F346,0.0283,-0.0623,-0.0496,0.0103,-0.0081,0.0097,-0.0119,-0.0061,0.0143,0.0001,-0.0673,0.0102,,,,,,,,,,,,,12
F347,0.0194,0.0125,0.0448,0.0206,-0.0167,0.0315,0.0186,0.0200,-0.0215,0.0619,0.0748,0.0483,-0.0449,0.0471,0.0115,0.0204,0.0217,0.0209,-0.0092,0.0066,0.0470,0.0276,0.0296,0.0101,
F348,0.0226,-0.0185,0.0081,-0.0051,-0.0074,0.0384,-0.0332,0.0719,0.0309,0.0026,0.0039,0.0031,0.0329,0.0213,0.0567,-0.0659,-0.0108,0.0051,-0.0059,0.0005,-0.0547,0.0372,0.0199,0.0093,
F349,-0.0288,-0.0046,-0.0274,0.0031,-0.0616,0.0795,-0.0292,-0.0406,0.0138,-0.0022,0.0060,0.0128,0.0048,-0.0211,0.0598,,,,,,,,,,15
F350,-0.0067,-0.0170,0.0054,-0.1023,0.0016,-0.0301,-0.0044,0.0501,0.0108,-0.0035,-0.0076,0.0579,-0.0061,-0.0266,0.0346,-0.0292,-0.0051,,,,,,,,17
F351,0.0642,0.0007,0.0219,-0.0074,-0.0141,0.0106,-0.0165,0.0149,0.0257,-0.0134,0.0582,0.0155,-0.0213,-0.0073,-0.0145,-0.0163,-0.0047,0.0381,0.0559,0.0391,0.0170,0.0133,-0.0382,-0.0260,
F352,-0.0329,0.0161,-0.0314,0.0147,0.0002,-0.0026,0.0037,0.0030,0.0239,0.0029,-0.0028,0.0349,0.0097,-0.0399,0.0356,-0.0039,0.0387,0.0040,-0.0083,-0.0220,0.0055,0.0313,0.0232,-0.0091,
F353,0.0060,0.0051,0.0461,0.0193,0.0149,0.0334,0.0632,0.0582,-0.0575,-0.0093,-0.0531,0.0039,0.0052,0.0038,-0.0099,0.0711,-0.0100,-0.0361,0.0079,0.0426,0.0356,0.0331,-0.0418,-0.0092,
F354,-0.0405,0.0298,0.0200,0.0256,-0.0203,0.0112,-0.0072,-0.0295,0.0169,0.0187,0.0221,-0.0184,-0.0008,-0.0262,0.0075,0.0023,0.0584,0.0209,-0.0310,0.0177,0.0984,-0.0080,-0.1597,-0.0001,
F355,0.0161,-0.0255,0.0103,-0.0060,-0.0141,-0.0578,-0.0184,-0.0368,-0.0182,-0.0142,0.0071,,,,,,,,,,,,,,11
F356,-0.0875,-0.0012,-0.0267,0.0285,0.0394,-0.0054,-0.0056,-0.0065,-0.0122,0.0085,0.0247,,,,,,,,,,,,,,11
F357,0.0087,0.0085,0.0041,0.0508,-0.0029,0.0109,0.0172,0.0684,0.0569,-0.0011,0.0153,0.0283,-0.0199,-0.0024,0.0258,0.0204,-0.0141,-0.0250,0.0120,0.0530,-0.0169,-0.0007,-0.0358,-0.0106,
F358,-0.0271,0.0497,-0.0075,0.0154,0.0280,-0.0221,0.0073,-0.0341,-0.0241,0.0072,0.0250,-0.0204,0.0509,-0.0038,0.0940,-0.0061,-0.0219,-0.0175,-0.0552,-0.0259,0.0002,-0.0322,0.0074,-0.0186,
F359,0.0506,-0.0149,0.0073,0.0019,-0.0347,-0.0239,0.0085,-0.0090,0.0244,0.0246,-0.0009,-0.0041,0.0018,0.0368,0.0110,-0.0232,-0.0718,-0.0197,0.0125,-0.0174,0.0165,-0.0070,0.0157,0.0095,
F360,-0.0031,-0.0076,-0.0533,-0.0355,-0.0281,-0.0382,0.0143,-0.0382,0.0318,0.0290,0.0088,-0.0056,0.0098,,,,,,,,,,,,13
F361,0.0251,0.0167,-0.0121,0.0372,-0.0329,0.0229,-0.0066,0.0265,0.0133,-0.0383,-0.0101,-0.0027,-0.0247,0.0075,-0.0318,0.0038,0.0690,-0.0574,0.0109,-0.0062,-0.0088,-0.0035,0.0094,-0.0052,
F362,-0.0184,-0.0091,0.0375,-0.0200,0.0032,0.0358,0.0526,0.0019,0.0172,0.0249,-0.0275,0.0225,0.0357,-0.0371,0.0072,0.0214,0.0098,-0.0101,0.0523,0.0346,0.0204,0.0234,-0.0640,-0.0555,
F363,-0.0214,0.0135,-0.0487,-0.0034,0.0077,0.0153,-0.0608,-0.0195,0.0537,-0.0422,-0.0351,0.0039,,,,,,,,,,,,,12
F364,-0.0096,-0.0540,0.0160,-0.0445,-0.0267,-0.0175,0.0183,-0.0075,0.0163,0.0017,0.0656,-0.0154,-0.0361,-0.0185,-0.0233,0.0369,,,,,,,,,16
F365,-0.0401,0.0311,0.0433,-0.0069,0.0153,-0.0020,-0.0104,0.0181,-0.0008,-0.0514,0.0597,-0.0017,-0.0040,-0.0212,0.0278,-0.0954,0.0574,-0.0437,0.0104,0.0074,-0.0196,0.0033,0.0448,-0.0414,
F366,0.0212,0.0541,0.0198,0.0132,0.0581,0.0161,0.0323,-0.0335,0.0012,0.0043,-0.0151,-0.0260,0.0133,-0.0232,-0.0173,0.0439,-0.0011,0.0365,0.0221,0.0044,0.0474,-0.0675,-0.0228,-0.0400,
F367,-0.0250,0.0276,0.0123,0.0042,0.0363,-0.0125,-0.0445,0.0196,-0.0274,0.0579,-0.0376,0.0312,-0.0087,0.0247,0.0099,-0.0859,-0.0148,-0.0079,-0.0112,0.0154,-0.0332,-0.0227,-0.0416,-0.0081,
F368,-0.0716,-0.0033,-0.0249,0.1057,0.0032,0.0218,-0.0196,-0.0176,0.0140,-0.0062,0.0009,0.0168,0.0051,-0.0012,-0.0234,0.0200,0.0304,-0.0507,0.0267,0.0095,0.0207,-0.0486,-0.0468,0.0162,
F369,-0.0211,-0.0121,0.0225,-0.0135,-0.0138,-0.0045,-0.0342,0.0079,-0.0610,0.0105,-0.0263,0.1089,-0.0431,0.0169,0.0309,-0.0717,0.0742,-0.0236,,,,,,,18
F370,0.0033,-0.0025,-0.0055,0.0106,-0.0789,-0.0049,-0.0450,0.0174,0.0316,-0.0571,0.0303,0.0399,-0.0238,-0.0113,0.0871,0.0652,,,,,,,,,16
F371,-0.0339,0.0152,-0.0186,0.0090,-0.0207,0.0120,0.0532,0.0346,-0.0337,0.0201,0.0192,0.0610,-0.0072,0.0471,0.0749,0.0447,-0.0194,0.0124,-0.0424,-0.0197,0.0449,0.0172,-0.0135,0.0213,
F372,0.0058,0.0094,0.0423,0.0531,0.0211,0.0095,0.0022,-0.0542,-0.0024,-0.0506,0.0190,0.0364,0.0752,0.0078,0.0089,-0.0015,0.0508,-0.0471,0.0063,-0.0057,0.0123,-0.0031,0.0175,0.0237,
F373,-0.0232,-0.0381,-0.0065,-0.0060,-0.0303,-0.0278,0.0130,-0.0155,-0.0179,-0.0064,0.0128,0.0118,,,,,,,,,,,,,12
F374,0.0241,0.0131,-0.0415,-0.0444,-0.0265,-0.0025,-0.0050,-0.0103,0.0301,-0.0272,0.0344,-0.0136,0.0016,-0.0337,0.0513,0.0117,,,,,,,,,16
F375,-0.0259,0.0679,0.0247,-0.0373,0.0380,0.0323,0.0622,0.0407,0.0020,-0.0271,0.0223,0.0130,-0.0224,0.0222,0.0144,0.0029,-0.0088,-0.0142,0.0019,0.0407,0.0226,0.0046,0.0038,0.0113,
F376,0.0415,0.0142,0.0561,-0.0180,-0.0202,-0.0185,-0.0235,-0.0324,0.0225,-0.0551,0.0190,0.0507,0.0724,-0.0203,0.1079,-0.0204,-0.0183,0.0586,-0.0057,-0.0614,0.0410,-0.0053,0.0404,-0.0029,
F377,-0.0175,0.0252,0.1520,-0.0136,0.0437,-0.0367,0.0306,0.0062,-0.0187,0.0335,-0.0360,0.0053,-0.0863,0.0041,-0.0234,-0.0178,-0.0197,0.0473,-0.0234,0.0212,0.0369,-0.0179,0.0114,0.0737,
F378,0.0104,0.0234,0.0185,-0.0000,0.0231,0.0211,0.0166,0.0101,0.0464,0.0440,0.0132,-0.0061,-0.0148,0.0221,-0.0363,-0.0282,0.0107,0.0273,-0.0040,0.0072,-0.0262,-0.0870,0.0131,0.0171,
F379,0.0095,0.0466,0.0453,0.0160,0.0078,0.0018,0.0181,0.0211,0.0290,0.0282,0.0175,-0.0226,0.0762,0.0020,-0.0117,-0.0075,0.0227,0.0171,-0.1206,-0.0614,-0.0552,-0.0359,-0.0100,0.0412,
F380,0.0529,-0.0306,0.0110,0.0694,0.0213,-0.0399,0.0783,0.0011,-0.0631,0.0592,-0.0181,-0.0368,0.0755,0.0534,0.0038,0.0334,-0.0201,0.0235,-0.0167,-0.0185,0.0344,-0.0134,0.0327,-0.0135,
F381,-0.0074,-0.0839,0.0112,-0.0359,0.0000,-0.0428,0.0215,-0.0247,-0.0006,0.0076,-0.0028,0.0064,,,,,,,,,,,,,12
F382,0.0144,-0.0191,0.0161,-0.0174,-0.0095,0.0291,-0.0050,0.0281,-0.0327,-0.0374,-0.0031,-0.0059,-0.0091,0.0578,0.0116,-0.0014,-0.0059,0.0225,,,,,,,18
F383,-0.0041,0.0148,-0.0319,0.0295,-0.0042,-0.0397,-0.0388,-0.0333,-0.0049,0.0090,0.0414,-0.0231,-0.0219,0.0280,-0.0128,,,,,,,,,,15
F384,0.0008,0.0541,0.0822,0.0069,-0.0315,-0.0502,0.0239,0.0352,-0.0012,0.0275,0.0103,0.0290,0.0275,0.0675,0.0036,0.0376,-0.0369,-0.0091,-0.0160,-0.0399,0.0036,-0.0053,0.0138,-0.0001,
F385,0.0097,-0.0260,0.0045,-0.0216,-0.0334,-0.0206,0.0427,0.0311,-0.0313,-0.0379,0.0101,0.0031,0.0188,0.0045,0.0308,0.0106,,,,,,,,,16
F386,0.0313,-0.0454,0.0104,-0.0562,0.0861,-0.0049,-0.0035,0.0039,-0.0099,-0.0467,0.0248,0.0032,0.0106,0.0291,0.0031,-0.0204,0.0052,0.0848,-0.0164,0.0333,-0.0713,0.0853,0.0267,-0.0582,
F387,-0.0081,0.0352,0.1180,-0.0699,0.0517,0.0338,0.0171,0.0354,0.0189,0.0875,-0.0070,0.0521,-0.0209,-0.0197,-0.0244,0.0269,0.0045,-0.0242,-0.0306,-0.0301,-0.0821,-0.0084,0.0126,0.0359,
F388,-0.0275,0.0103,0.0211,0.0007,0.0027,0.0191,0.0344,-0.0074,-0.0078,-0.0374,0.0028,0.1181,0.0446,0.0214,-0.0200,-0.0265,0.0791,-0.0487,0.0162,0.0220,-0.0432,-0.0208,-0.0270,0.0291,
F389,-0.0040,-0.0086,0.0717,0.0019,0.0292,0.0570,0.0183,0.0129,0.0106,0.0860,-0.0510,-0.0201,0.0422,0.0025,-0.0225,0.0357,-0.0013,-0.0472,-0.0090,-0.0281,0.0116,-0.0051,0.0899,0.0584,
F390,0.0287,0.0004,-0.0266,-0.0183,-0.0555,0.1550,-0.0046,0.0105,0.0015,-0.0458,-0.0561,0.0168,0.0013,-0.0222,0.0214,-0.0339,0.0031,-0.0025,-0.0856,0.0149,-0.0004,-0.0046,0.0895,0.0131,
F391,-0.0028,0.0147,-0.0614,-0.0620,0.0101,-0.0084,-0.0539,0.0416,0.0264,-0.0205,0.0196,-0.0108,0.0420,-0.0443,,,,,,,,,,,14
F392,-0.0566,0.0247,-0.0078,-0.0087,0.0412,-0.0033,0.0129,0.0059,-0.0349,0.0000,-0.0400,-0.0016,0.0031,0.0523,-0.0021,-0.0294,,,,,,,,,16
F393,0.0555,-0.0042,0.0193,0.0220,-0.0252,0.0144,0.0440,0.0015,-0.0202,-0.0154,0.0099,-0.0350,-0.0334,-0.0493,-0.0549,-0.0043,0.0481,0.0442,-0.0253,0.1029,-0.0469,0.0020,-0.0176,-0.0003,
F394,0.0168,0.0169,0.0366,0.0246,-0.0313,-0.0420,0.0156,0.0787,-0.0020,0.0506,-0.0532,-0.0495,-0.0187,0.0254,0.0786,0.0194,-0.0239,-0.0117,-0.0347,0.0400,0.0055,0.0381,-0.0031,0.0002,
F395,-0.0447,-0.0394,0.0968,0.0503,-0.0474,0.0171,0.0148,-0.0192,0.0356,-0.1175,-0.0523,0.0008,0.0610,0.0622,,,,,,,,,,,14
F396,-0.0036,-0.0296,-0.0192,0.0984,-0.0323,0.0295,0.0145,-0.0168,-0.0113,-0.0049,0.0178,-0.0130,-0.0505,0.0034,-0.0468,-0.0114,0.0006,0.0093,-0.0016,-0.0082,-0.0216,0.0126,-0.0466,-0.0112,
F397,-0.0148,-0.0571,-0.0363,-0.0121,0.0147,-0.0344,0.0182,-0.0277,-0.0148,0.0309,0.0517,0.0769,-0.0862,0.0633,0.0241,0.0316,0.0057,0.0198,0.0224,-0.0334,-0.0550,-0.0574,0.0454,-0.0287,
F398,0.0439,0.0168,-0.0207,-0.0224,-0.0014,-0.0326,-0.0183,-0.0354,0.0495,0.0514,-0.0009,-0.0041,-0.0078,-0.0074,0.0152,-0.0117,0.0024,0.0028,0.0032,-0.0352,0.1378,0.0795,0.0122,0.0075,
F399,0.0107,0.0179,0.0182,-0.0011,0.0946,-0.0191,-0.0024,-0.0574,-0.0540,-0.0209,0.0048,-0.0028,-0.0721,0.0126,0.0041,-0.0126,0.0066,-0.0058,0.0215,-0.0036,-0.0609,-0.0240,-0.0709,0.0260,
F400,0.0085,0.0249,-0.0045,0.0660,-0.0042,0.0291,-0.0224,-0.0214,0.0061,-0.0404,0.0504,0.0315,0.0335,0.0910,0.0142,0.0113,0.0042,-0.1519,0.0200,0.0235,0.0037,0.0492,-0.0305,0.0221,
F401,0.0182,0.0304,0.0327,0.0878,0.0398,0.0473,-0.0131,-0.0231,-0.0359,-0.0226,-0.0056,0.0501,0.0415,0.0684,-0.0300,0.0128,-0.0273,0.0115,-0.0899,-0.0109,-0.0185,0.0295,-0.0988,-0.0459,
F402,0.0036,0.1866,-0.0172,0.1183,-0.0096,-0.0194,0.0289,0.0290,-0.0099,-0.0389,0.0517,0.0097,0.0064,0.0021,0.0022,0.0222,-0.0046,-0.0425,-0.0177,0.0131,0.0584,-0.0524,0.0209,0.0181,
F403,-0.0326,-0.0013,0.0416,-0.0320,-0.0077,0.0180,-0.0058,-0.0331,-0.0491,-0.0049,-0.0178,-0.0175,,,,,,,,,,,,,12
F404,-0.0223,-0.0178,0.0169,-0.0034,-0.0128,0.0607,0.0099,0.0774,-0.0911,-0.0419,0.0314,0.0173,0.0520,0.0123,0.0342,0.0231,-0.0252,-0.0271,0.0429,0.0088,-0.0306,0.0233,-0.0258,0.0097,
F405,-0.0154,-0.0019,-0.0229,0.0438,-0.0218,-0.0079,0.0233,-0.0483,0.0486,-0.0114,-0.0127,0.0117,-0.0284,-0.0027,0.0108,-0.0172,0.0498,-0.0313,-0.0232,,,,,,19
F406,-0.0177,0.0010,-0.1020,-0.0102,0.0250,-0.0730,-0.0377,-0.0215,0.0094,-0.0116,,,,,,,,,,,,,,,10
F407,0.0431,0.0514,0.0369,-0.0119,0.0690,-0.0407,-0.0011,-0.0182,0.0330,-0.0310,0.0431,-0.0190,-0.0122,0.0205,0.0472,-0.0173,0.0052,-0.0450,-0.0151,-0.0526,0.0264,-0.0701,0.0310,0.0038,
F408,-0.0429,-0.0390,0.0199,-0.0013,-0.0278,-0.0156,0.0036,0.0136,0.0026,-0.0305,-0.0071,0.0138,0.0627,,,,,,,,,,,,13
F409,0.0008,-0.0251,0.0229,-0.1623,-0.0225,0.0218,-0.0241,0.0190,0.0162,0.0728,0.0033,0.0207,0.0303,0.0079,-0.0062,0.0058,,,,,,,,,16
F410,0.0166,-0.0024,-0.0034,0.0436,0.0003,-0.0240,-0.0105,-0.0500,-0.0130,0.0351,0.0536,0.0074,0.0386,-0.0091,0.0485,-0.1183,-0.0373,-0.0037,-0.0581,0.0038,0.0477,-0.0459,-0.0021,0.0202,
F411,0.0188,0.0116,-0.0056,0.0313,0.0025,-0.0167,0.0287,0.0331,-0.0173,0.0434,0.0435,0.0188,0.0293,-0.0090,0.0042,0.0202,0.0372,-0.0134,-0.0297,0.0004,0.0011,-0.0040,0.0143,-0.0342,
F412,0.0782,-0.0023,0.0566,-0.0309,-0.0082,-0.0431,-0.0167,-0.0612,-0.0703,0.0027,-0.0112,-0.0331,,,,,,,,,,,,,12
F413,0.0849,-0.0341,0.0268,0.0563,0.0033,-0.0257,0.0081,0.0132,0.1889,0.0385,-0.0198,-0.0030,0.0259,-0.0131,-0.0184,0.0382,-0.0490,-0.0149,0.0183,0.0073,0.0169,-0.0138,-0.0454,-0.0381,
F414,-0.0225,0.0382,0.0552,0.0449,0.0185,0.0116,0.0196,0.0094,0.0248,-0.0126,0.0493,0.0216,-0.0483,0.0555,0.0576,-0.0606,0.0075,-0.0397,-0.0057,-0.0471,-0.0361,0.0557,-0.0053,-0.0192,
F415,0.0115,0.0249,0.0035,-0.0049,-0.0136,-0.0228,-0.0308,-0.0234,0.0515,-0.0488,0.0105,0.0611,0.0005,0.0526,-0.0068,-0.0165,0.0136,-0.0268,0.0113,0.0308,0.0771,0.0701,-0.0354,0.0178,
F416,0.0078,0.0613,0.0135,0.0650,0.0829,0.0232,-0.0258,0.0320,0.0138,-0.0148,-0.0234,0.0190,0.0467,-0.0575,0.0378,-0.0306,0.0018,0.0563,-0.0523,0.0247,0.0221,0.0206,-0.0139,-0.0223,
F417,0.0130,0.0391,-0.0009,-0.0045,-0.0044,0.0350,0.0916,0.0419,0.0306,0.0272,-0.0372,-0.0050,0.0351,0.0296,0.0245,0.0126,0.0045,-0.0190,0.0057,0.0153,0.0204,0.0038,0.0087,-0.0304,
F418,-0.0746,0.0209,-0.0239,0.0004,0.0035,-0.0332,-0.0119,0.0221,0.0464,0.0014,-0.0060,-0.0169,0.0261,-0.0152,0.0026,0.0102,,,,,,,,,16
F419,-0.0330,0.0084,0.0556,0.0229,0.0237,0.0046,0.0090,-0.0044,0.0810,-0.0615,-0.0473,-0.0162,0.0045,0.0546,0.0216,-0.0169,-0.0253,-0.0387,0.0684,0.0589,-0.0046,0.0206,-0.0452,0.0141,
F420,-0.0405,-0.0087,-0.0407,0.0037,0.0285,0.0319,0.0268,-0.0114,0.0323,0.0223,-0.0083,0.0195,-0.0158,0.0026,-0.0359,-0.0066,0.0422,0.0060,-0.0156,0.0109,0.0099,0.0157,-0.0221,-0.0098,
F421,0.0469,0.0366,-0.0084,-0.0462,-0.0271,0.0090,0.0345,-0.0135,0.0145,0.0519,-0.0209,0.0546,-0.0386,-0.0885,-0.0077,-0.0047,0.0172,-0.0519,0.0049,0.0358,-0.0073,0.0516,-0.0236,-0.0008,
F422,0.0049,0.0219,-0.0197,0.0061,-0.0245,-0.0545,-0.0347,-0.0025,0.0349,0.0328,0.0046,0.0287,0.0463,0.0461,-0.0675,0.0029,-0.0079,0.0210,0.0011,-0.0143,0.0078,-0.0014,-0.0269,0.0225,
F423,0.0542,-0.0133,-0.0158,0.0477,-0.0104,0.0207,-0.0225,0.0227,0.0273,-0.0277,0.0476,-0.0094,0.0513,0.0395,-0.0193,-0.0274,0.0165,-0.0108,-0.0142,0.0618,0.0343,-0.0192,-0.0076,0.0026,
F424,-0.0361,0.0060,-0.0312,0.1016,-0.0229,0.0482,-0.0131,0.1122,0.0139,-0.0263,-0.0047,-0.0295,0.0166,-0.0165,-0.0552,0.0499,-0.0103,-0.0021,0.0515,0.0458,0.0079,0.0676,0.0516,-0.0091,
F425,-0.0346,0.0039,0.0497,0.0232,0.0123,-0.0197,0.0145,0.0388,0.0532,0.0325,0.0160,-0.0116,-0.0072,-0.0199,-0.0364,0.0059,0.0411,-0.0128,0.0030,-0.0335,0.0291,-0.0314,0.0120,0.0084,
F426,-0.0029,0.0132,-0.0206,0.0053,0.0910,0.0039,0.0254,0.0057,0.0135,0.0110,0.0292,-0.0481,0.0376,0.0702,0.0048,0.0022,0.0434,0.0201,0.0401,0.0065,0.0825,-0.0006,-0.0039,-0.0121,
F427,0.0213,0.0033,-0.0301,0.0399,0.0045,0.0194,-0.0241,-0.0071,-0.0245,-0.0342,0.0532,0.0333,0.0821,0.0545,0.0046,0.0033,-0.0637,0.0614,0.0239,0.0297,0.0402,0.0464,-0.0379,0.0192,
F428,0.0103,-0.0005,0.0174,-0.0158,0.0528,0.0129,0.0334,-0.0942,0.0047,0.0329,0.0434,-0.0107,0.0164,-0.0024,0.1436,0.0417,0.0130,0.0478,-0.0384,-0.0409,-0.0145,-0.0049,0.0402,0.0078,
F429,0.0248,0.0090,-0.0228,0.0103,0.0256,0.0165,0.0369,0.0196,-0.0211,0.0470,-0.0119,0.0151,0.0229,-0.0534,0.0414,0.0125,0.0272,0.1295,0.0131,0.0449,-0.0177,0.0020,-0.0070,-0.0110,
F430,0.0059,-0.0055,-0.0511,-0.0547,-0.0701,-0.0321,0.0120,0.0256,0.0388,0.0348,0.0104,-0.0015,0.0060,-0.0259,0.0953,,,,,,,,,,15
F431,0.0128,-0.0177,0.0216,-0.0149,0.0075,0.0294,-0.0240,-0.0324,-0.0470,-0.0225,-0.0942,0.0536,-0.0026,,,,,,,,,,,,13
F432,0.0090,-0.0120,-0.0517,-0.0167,0.0309,-0.0535,0.0386,-0.0268,0.0020,0.0008,0.0772,0.0147,-0.0190,-0.0346,-0.0099,-0.0004,-0.1571,-0.0620,0.0390,0.0314,-0.1065,0.0502,-0.0052,0.0409,
F433,0.0305,0.0446,0.0245,0.0183,-0.0108,0.0399,0.0117,0.0003,-0.0337,-0.0462,-0.0152,0.0862,0.0345,-0.0081,-0.0236,-0.0278,0.0244,0.0006,0.0225,0.0276,-0.0705,0.0255,-0.0075,0.0566,
F434,-0.0193,-0.0244,0.0614,0.0241,0.0073,0.0181,0.0472,-0.0050,-0.0053,-0.0326,0.0449,-0.0189,0.1106,0.0293,0.0712,-0.0087,0.0017,0.0162,0.0437,0.0089,-0.0162,0.0972,-0.0084,0.0238,
F435,-0.0171,-0.0224,-0.0084,-0.0065,-0.0363,0.0027,0.0439,-0.0339,0.0362,-0.0605,0.0265,0.0194,0.0543,-0.0157,-0.0170,0.0404,0.0206,,,,,,,,17
F436,-0.0010,0.0245,-0.0080,-0.0499,-0.0142,0.0214,0.0222,-0.0255,0.0167,-0.0207,0.0038,-0.0571,0.0159,0.0173,-0.0156,,,,,,,,,,15
F437,0.0002,0.0403,-0.0177,0.0675,-0.0246,-0.0300,-0.0448,0.0498,-0.0196,-0.0025,-0.0203,0.0504,0.0291,-0.0234,-0.0319,0.0442,0.0483,0.0181,-0.0140,-0.0044,0.0061,0.0137,-0.0396,0.0127,
F438,0.0188,0.0408,-0.0347,0.0192,-0.0093,-0.0647,0.0175,0.0121,0.0121,-0.0391,-0.0598,0.0080,0.0267,-0.0148,0.0124,,,,,,,,,,15
F439,-0.0096,0.0063,0.0130,0.0008,-0.0022,-0.0012,0.0293,-0.0180,0.0014,0.0025,-0.0235,0.0265,0.0449,0.0078,-0.0492,0.0100,0.0111,-0.0175,0.0074,-0.0040,0.0170,-0.0196,0.0148,0.0487,
F440,-0.0188,-0.0341,-0.0139,0.0433,0.0191,-0.0039,0.0214,0.0352,-0.0269,0.0535,0.0559,-0.0044,0.2498,0.0912,0.0307,0.0316,-0.0171,0.0439,0.0315,-0.0075,-0.0072,0.0413,0.0595,-0.0447,
F441,-0.0100,0.0129,-0.0264,-0.0172,0.0391,-0.0281,-0.0117,-0.2269,-0.0087,-0.0179,,,,,,,,,,,,,,,10
F442,0.0064,0.1064,-0.0231,0.0299,-0.0072,-0.0160,0.0002,-0.0318,0.0277,0.0151,-0.0468,-0.0055,-0.0132,0.0824,0.0305,-0.0220,-0.0153,0.0368,0.0391,-0.0306,-0.0483,0.0905,0.0190,-0.0416,
F443,0.0432,0.0017,0.0403,-0.1334,0.0374,-0.0602,-0.0601,-0.0042,0.0306,-0.0058,0.0561,0.1095,0.0064,-0.0427,0.0397,0.0301,-0.0096,0.0275,0.0512,0.0188,-0.0021,0.0048,0.0448,-0.0042,
F444,0.0063,-0.0671,0.0781,-0.0328,0.0173,-0.0468,-0.0011,0.0035,0.0377,-0.0078,0.0573,0.0672,-0.0350,0.0247,-0.0095,-0.0485,0.0779,0.0036,-0.0125,0.0302,0.0543,0.0235,-0.0115,-0.0181,
F445,0.0045,-0.0065,-0.0672,0.0515,0.0117,0.0337,-0.0205,-0.0302,-0.0122,-0.0588,-0.0530,,,,,,,,,,,,,,11
F446,-0.0289,0.0008,-0.0495,0.0492,0.0002,0.0125,-0.0012,-0.0239,-0.0022,0.0757,0.0090,-0.0171,0.0038,-0.0135,-0.0040,-0.0450,0.0348,-0.0447,0.0286,0.0097,0.0236,0.0589,0.0144,-0.0119,
F447,-0.0241,-0.0405,-0.0272,0.0308,0.0068,-0.0697,0.0147,0.0477,0.0195,-0.0751,0.0340,0.0343,0.0131,0.0083,-0.1150,0.0140,-0.0252,,,,,,,,17
F448,0.0513,0.0270,-0.0155,0.0320,-0.0228,0.0557,-0.0115,-0.0389,0.0271,-0.0106,0.0578,0.0331,-0.0048,-0.0780,-0.0035,0.0108,0.0129,0.0167,0.0572,0.0176,0.0547,0.0123,-0.0444,0.0102,
F449,-0.0201,0.0394,-0.0918,-0.0570,-0.0055,0.0499,-0.0157,0.0118,0.0031,-0.0247,-0.0291,0.0355,-0.0016,0.0303,,,,,,,,,,,14
F450,0.0088,-0.0195,0.0042,0.0435,0.0135,0.0259,0.0412,-0.0276,0.0179,0.0217,-0.0028,-0.0078,0.0015,-0.0218,0.0344,0.0447,-0.0224,0.0057,-0.0177,0.0429,0.0192,-0.0016,0.0206,0.0131,
F451,-0.0700,0.0159,-0.0661,0.0186,-0.0337,-0.0412,0.0280,0.0404,-0.0359,0.0524,,,,,,,,,,,,,,,10
F452,0.0415,0.0202,-0.0493,0.0062,0.0317,0.0233,-0.0354,-0.0823,-0.0557,-0.0223,-0.0227,0.0066,,,,,,,,,,,,,12
F453,0.0026,-0.0283,-0.0080,0.0474,-0.0239,0.0210,0.0424,0.0447,-0.0037,-0.0153,0.0318,-0.0220,-0.0050,-0.0109,0.0126,0.0350,0.0578,-0.0107,0.1407,-0.0385,0.0767,-0.0520,0.0194,-0.0070,
F454,0.0225,-0.0663,-0.0171,-0.0055,0.0167,-0.0124,0.0170,0.0163,0.0312,0.0839,-0.0129,0.0230,0.0386,-0.0098,0.0189,0.0189,0.0318,-0.0475,-0.0151,-0.0084,-0.0324,-0.0018,0.0259,0.0158,
F455,-0.0244,-0.0005,-0.0310,0.0109,0.0150,-0.0122,-0.0078,-0.0066,-0.0093,-0.0266,0.0256,0.0694,0.0724,0.0330,-0.0058,0.0023,0.0792,-0.0430,0.0277,0.0570,-0.0010,-0.0357,0.0686,-0.0128,
F456,0.0948,0.0163,0.0263,-0.0049,0.0125,-0.0462,0.0405,0.0110,0.0356,-0.0083,0.0313,-0.0478,0.0536,0.0249,0.0153,-0.0139,-0.0023,-0.0409,0.0173,-0.0080,0.0446,0.0043,-0.0009,0.0227,
F457,0.0057,-0.0006,0.0044,-0.0201,0.0200,0.0079,0.0560,0.1094,0.0164,-0.0101,0.0489,0.0061,0.0115,0.0406,-0.0311,0.0331,0.0170,0.0754,-0.1059,-0.0017,0.0162,-0.0302,0.0649,-0.0398,
F458,0.0348,0.0382,-0.0670,0.0005,-0.0440,-0.0244,-0.0787,-0.0111,0.0125,-0.0364,-0.0553,,,,,,,,,,,,,,11
F459,0.0087,-0.0362,0.1702,-0.0787,-0.0264,-0.0299,-0.0132,-0.0703,0.0531,0.0027,-0.0199,0.0302,0.0043,0.0280,-0.0305,-0.0465,0.0750,-0.0154,0.0151,0.0149,0.0069,-0.0465,0.0188,0.0239,
F460,-0.0169,0.0200,0.0522,0.0200,0.0357,0.0305,-0.0141,0.0415,-0.0016,-0.0718,-0.0065,0.0164,0.0032,-0.0064,-0.0054,-0.0158,0.0720,-0.0387,-0.0001,0.0025,0.0269,-0.0105,-0.0332,0.0409,
F461,0.0106,0.0096,-0.0015,0.0222,0.0057,-0.0113,0.0188,-0.0086,0.0305,0.0288,0.0375,0.0212,0.0207,0.0097,0.1058,-0.0371,0.0205,-0.0106,-0.0061,0.0337,0.0453,-0.0074,0.0202,-0.0040,
F462,0.0227,-0.0145,0.0890,-0.0472,0.0173,0.0199,0.0387,0.0801,0.0894,-0.0156,-0.0263,0.0433,0.0486,0.0082,0.0018,0.0002,-0.0005,-0.0592,0.0254,0.0004,0.0079,0.0272,0.0106,-0.0749,
F463,0.0035,0.0360,-0.0136,0.0008,-0.0098,0.0419,-0.0148,-0.0119,0.0163,0.0168,-0.0129,-0.0234,0.0451,0.0016,-0.0175,-0.0504,-0.0184,0.0161,0.0267,-0.0097,0.0032,0.0038,-0.0122,0.0216,
F464,-0.0079,-0.0048,-0.0099,-0.0332,-0.0494,0.0328,-0.0178,0.0407,0.0310,0.0387,-0.0654,0.0584,-0.0041,-0.0636,0.0320,-0.0304,0.0120,-0.0293,-0.0011,-0.0082,0.1275,0.0019,-0.0284,-0.0031,
F465,0.0536,0.0118,0.0204,-0.0390,-0.0033,-0.0160,0.0740,-0.0336,-0.0077,0.0102,0.0587,0.0089,-0.0384,0.0248,-0.0008,0.1063,0.0312,-0.0216,-0.0003,0.0355,-0.0072,-0.0378,0.0143,0.0493,
F466,-0.0031,0.0294,0.0177,0.0128,0.0275,-0.0055,0.0264,0.0359,-0.0385,0.0114,-0.0232,0.0174,-0.0122,0.0051,-0.0484,-0.0152,0.0022,0.0748,0.0301,0.0216,-0.0153,-0.0092,-0.0683,-0.0193,
F467,0.0215,0.0507,-0.0030,0.0478,-0.0023,0.0049,0.1104,0.0318,0.0225,0.0189,-0.0142,0.0069,0.0457,-0.0113,0.0376,-0.0360,0.0321,-0.0012,0.0264,-0.0501,-0.0260,-0.0019,0.0060,0.0007,
F468,0.0488,-0.0033,-0.0292,-0.0318,-0.0345,0.0468,-0.0306,0.0424,-0.0376,0.0363,0.0007,0.0648,-0.0599,0.0204,0.0648,0.0286,-0.0433,-0.0210,-0.0636,-0.1330,0.0112,0.0606,0.0554,0.0083,
F469,0.0273,0.0066,-0.0594,-0.0208,0.0352,0.0147,0.0532,0.0247,0.0454,-0.0184,0.0055,0.0344,-0.0037,0.0512,-0.0079,-0.0974,0.0318,0.0781,-0.0017,-0.0072,-0.0283,-0.0669,-0.0450,0.0200,
F470,0.0202,0.0207,0.0226,-0.0373,0.0454,0.0161,-0.0447,0.0350,-0.0123,-0.0253,-0.0312,0.0612,-0.0711,-0.0188,-0.0204,-0.0930,-0.0113,0.0355,0.0407,-0.0874,0.0518,-0.0032,0.0036,-0.0166,
F471,0.0337,0.0082,-0.0163,0.0658,0.0259,-0.0191,0.0064,-0.0307,0.0190,0.1083,0.0065,0.0078,-0.0849,0.0029,-0.0398,0.0085,0.0328,-0.0215,-0.0189,-0.0711,-0.0296,0.1022,0.0367,-0.0122,
F472,0.0193,-0.0173,-0.0617,0.1120,0.0214,0.0370,-0.1092,0.0542,0.0221,0.0327,-0.0143,-0.0100,0.0232,0.0045,0.0451,-0.0265,0.0096,-0.0201,0.0425,0.0440,0.0363,-0.0233,0.0329,0.0335,
F473,-0.0406,-0.0359,0.0277,0.0605,0.0488,0.0587,-0.0270,0.0114,-0.0399,-0.0149,0.0368,0.0394,0.0322,0.0190,-0.1295,0.0079,0.0497,0.0239,0.0105,0.0345,0.0342,-0.0003,0.0262,0.0454,
F474,0.0123,-0.0205,-0.0373,0.0659,0.0237,0.0104,0.0601,-0.0276,0.0428,0.0095,0.1074,0.0261,-0.1116,0.0482,0.0569,0.0046,-0.0017,-0.1346,-0.0500,-0.0178,0.0386,-0.0129,-0.0376,0.0175,
F475,0.0110,0.0143,-0.0129,0.0919,0.0045,-0.0855,0.0655,0.0405,-0.0177,-0.0099,0.0164,-0.0062,-0.0188,0.0152,0.0372,-0.0121,-0.0040,-0.0322,-0.0335,0.0675,0.0254,0.0877,0.0392,-0.0292,
F476,-0.0063,0.0212,0.0184,-0.0029,0.0079,-0.0331,0.0456,-0.0230,-0.0356,-0.0189,0.0005,-0.0255,0.0448,0.0098,0.0076,-0.0354,-0.0108,,,,,,,,17
F477,0.0190,0.0146,0.0061,-0.0296,-0.0076,0.0012,-0.0052,0.0176,0.0180,-0.0607,-0.0342,-0.0079,-0.0123,0.0352,-0.0455,0.0066,,,,,,,,,16
F478,-0.0289,-0.0250,0.0506,-0.0279,0.0107,-0.0291,-0.0006,0.0419,0.0225,-0.0231,0.0290,-0.0118,0.0347,-0.0266,0.0445,-0.0110,-0.0287,-0.0248,-0.0328,-0.0342,-0.0163,0.0530,0.0026,0.0245,
F479,0.0071,-0.0322,0.0356,0.0374,0.0168,-0.0348,-0.0099,0.0345,-0.0086,0.0012,-0.0729,0.0235,0.0530,0.0059,-0.0147,-0.0442,0.0334,-0.0156,0.0202,-0.0157,0.0347,-0.0070,0.0100,-0.0555,
F480,0.0453,-0.0455,-0.0200,-0.1084,0.0336,-0.0779,0.0231,0.0222,0.0103,0.0095,0.0268,-0.0003,0.0147,0.0840,-0.0552,,,,,,,,,,15
F481,-0.0005,0.0112,0.0399,-0.1223,-0.0074,0.0128,-0.0053,0.0024,0.0113,0.0020,-0.0464,,,,,,,,,,,,,,11
F482,0.0671,0.0335,-0.0284,-0.0216,0.0171,0.0236,-0.0551,-0.0857,0.0215,-0.0186,-0.0024,-0.0883,,,,,,,,,,,,,12
F483,-0.0016,0.0146,0.0179,-0.0114,-0.0642,-0.0265,-0.0005,0.0440,-0.0278,0.0283,0.0124,-0.0202,0.0437,0.0068,-0.0554,-0.0086,-0.0196,0.0978,,,,,,,18
F484,0.0924,0.0183,-0.0364,-0.0147,0.0255,-0.0200,-0.0463,0.0191,0.1190,-0.0086,0.0280,-0.0368,0.0059,0.0143,-0.0584,0.0151,0.0440,-0.0021,0.0251,-0.0141,-0.0304,0.0072,-0.0078,0.0070,
F485,0.0442,0.0447,-0.0602,0.0226,0.0238,-0.0313,-0.0106,-0.0060,0.0700,-0.0386,-0.0165,-0.0088,-0.0149,-0.0130,0.0164,0.0386,-0.0265,0.0470,0.0099,-0.0261,0.0680,0.0074,-0.0446,0.0076,
F486,-0.0005,0.0064,-0.0217,0.0641,0.0877,-0.0269,-0.0447,0.0037,0.0409,0.0248,-0.0356,0.0567,0.0049,-0.0175,0.0619,0.0452,0.0041,-0.0199,0.0287,-0.0236,-0.0033,-0.0118,-0.0315,-0.0348,
F487,0.0209,-0.0150,-0.0343,0.0592,0.0528,0.0175,-0.0175,0.0397,0.0050,-0.0401,0.0395,0.0718,-0.0212,0.0307,0.0237,0.0398,-0.0038,-0.0660,0.0288,-0.0311,-0.0055,0.0225,0.0078,0.1109,
F488,0.0435,-0.0080,-0.0322,0.0820,-0.0940,0.0228,0.0409,0.0202,-0.0701,-0.0052,0.0258,-0.0222,-0.0316,0.0126,0.0317,-0.0428,0.0689,-0.0028,-0.0335,0.0208,0.0773,0.1088,-0.0410,0.0307,
F489,0.0149,0.0014,-0.0635,0.0198,0.0379,-0.0049,0.0121,0.0200,-0.0176,0.0337,0.0117,0.0551,-0.0232,-0.0087,0.0471,0.0655,0.0342,0.0188,0.0123,0.0601,0.0379,0.0277,0.0030,-0.0056,
F490,-0.0027,-0.0989,-0.0036,0.0170,0.0373,-0.0671,0.0511,0.0165,0.0069,-0.0145,0.0452,-0.0108,0.0091,0.0022,-0.0100,-0.0169,0.0144,0.0105,0.0147,,,,,,19
F491,0.0268,-0.0645,-0.0174,0.0211,0.0133,0.0118,0.0068,0.0253,0.0255,-0.0213,0.0167,0.0377,0.0479,-0.0152,0.0307,0.0200,0.0276,0.0224,0.0441,0.0593,-0.0112,-0.0060,0.0069,-0.0299,
F492,0.0078,0.0217,-0.0152,-0.0452,-0.0606,-0.0213,0.0061,-0.0172,0.0626,0.0424,-0.0339,-0.0034,-0.0429,0.0619,0.0286,0.0021,0.0544,,,,,,,,17
F493,0.0071,-0.0229,-0.0557,0.0336,0.0336,-0.0588,0.0047,-0.0171,-0.0266,-0.0187,,,,,,,,,,,,,,,10
F494,-0.0409,-0.0496,0.0138,0.0072,-0.0061,0.0307,0.0187,0.0051,0.0102,0.0390,0.0097,0.0457,0.0378,0.0334,0.0358,0.0031,0.0146,0.0539,0.0563,0.0521,-0.0142,0.0006,0.0187,0.0222,
F495,-0.0628,0.0855,0.0287,0.0270,-0.0294,-0.0295,-0.0001,-0.0262,-0.0175,0.0337,-0.0300,-0.0214,0.0753,-0.0458,0.0077,0.0354,0.0017,0.0131,,,,,,,18
F496,-0.0402,-0.0144,-0.0247,0.0091,-0.0227,-0.0610,-0.0095,-0.0024,-0.0530,0.0025,,,,,,,,,,,,,,,10
F497,-0.0349,0.0689,0.0221,-0.0283,-0.0321,0.0374,0.0021,0.0165,-0.0885,-0.0021,-0.0517,0.0337,0.0646,-0.0323,0.0274,-0.0036,,,,,,,,,16
F498,-0.1268,0.0173,0.0272,0.0069,0.0267,0.0238,0.0479,0.0226,-0.0610,0.0234,0.0088,0.0433,-0.0245,0.0252,0.0043,-0.0307,0.0066,-0.1022,0.0435,0.0335,0.0365,0.0164,0.0539,0.0225,
F499,-0.0007,-0.0379,0.0165,-0.0026,0.0159,-0.0194,0.0351,0.0183,-0.0420,0.0320,0.0555,0.0627,0.0062,-0.0619,0.0636,0.0001,0.0065,-0.0308,-0.0390,0.0236,0.0129,0.0479,0.0117,-0.0013,
