date,MKT,AAPL_S,MSFT_S,GOOGL_S,AMZN_S,META_S,KO_S,PEP_S,XOM_S,JPM_S,JNJ_S
2025-07-15,0.014869,0.014855,0.010838,0.033697,0.030557,0.031969,0.002447,0.004619,0.012605,0.022062,0.005362
2025-07-16,0.009546,0.008500,0.010156,-0.004324,0.011039,0.009238,-0.004069,0.020512,0.008311,0.007900,0.002041
2025-07-17,-0.005706,-0.005891,0.008693,-0.005213,-0.002078,-0.013723,0.005293,-0.002657,-0.006639,-0.016844,-0.008165
2025-07-18,-0.004297,-0.010955,-0.003385,-0.000530,0.000306,-0.008721,0.001562,0.005835,0.000361,-0.009664,-0.001417
2025-07-21,-0.007299,-0.018398,0.000801,-0.006248,-0.005252,-0.032156,0.012103,-0.000635,0.011454,-0.002362,-0.003515
2025-07-22,0.002445,0.013325,0.003351,-0.000977,-0.011917,-0.002929,0.014450,0.003763,0.002302,0.010213,-0.006494
2025-07-23,0.002999,0.003258,0.002150,0.001795,0.010379,0.003348,-0.004972,-0.007618,0.003568,0.007559,0.002494
2025-07-24,-0.011313,-0.012267,-0.020735,-0.013628,-0.006280,-0.009249,-0.007187,-0.007541,-0.006727,-0.015831,0.000989
2025-07-25,-0.014438,0.000635,-0.049000,-0.018122,-0.041349,-0.017579,0.002473,-0.000769,-0.005111,-0.019188,0.003400
2025-07-28,-0.003037,0.012109,-0.004206,-0.006672,-0.004533,-0.032684,0.001592,-0.004499,0.004683,0.010170,0.002283
2025-07-29,-0.002945,0.012422,0.002597,-0.002296,-0.013052,-0.004734,-0.000919,-0.004158,0.004012,-0.022800,-0.005087
2025-07-30,-0.006161,0.020317,0.003620,-0.015296,-0.018782,-0.023317,-0.010253,0.008411,-0.007411,-0.014743,0.001777
2025-07-31,0.008579,0.011924,0.017007,0.010014,0.018614,0.015304,0.005429,-0.005512,0.038930,-0.001059,0.023913
2025-08-01,0.007069,0.011593,-0.002961,0.005756,0.014838,0.005571,0.006972,0.003472,0.010879,0.000853,0.005392
2025-08-04,0.005293,0.017878,0.005753,-0.008972,0.018723,-0.002445,0.004134,0.011888,0.001162,0.019373,-0.004449
2025-08-05,-0.001591,-0.008562,0.014653,0.005791,-0.009549,-0.008989,-0.004041,0.007331,-0.008516,0.004931,0.015018
2025-08-06,0.004200,0.001075,-0.008370,0.003543,0.003862,0.017716,0.004445,0.006545,0.001367,-0.000902,0.004891
2025-08-07,0.011656,0.017315,0.023706,0.013432,0.018427,0.017666,0.012658,0.002405,0.017216,0.022105,-0.005764
2025-08-08,-0.006626,0.003780,-0.007535,-0.008025,-0.012676,-0.004329,0.011602,-0.009358,-0.004528,0.002017,0.004673
2025-08-11,-0.018786,-0.014559,-0.009783,-0.018432,-0.020374,-0.028117,0.001889,-0.017768,-0.012965,-0.022397,-0.009122
2025-08-12,0.016604,0.031457,0.006418,0.013453,0.008407,0.015705,-0.002872,0.015743,-0.002561,0.011144,0.001175
2025-08-13,-0.015768,-0.027080,-0.020080,-0.015202,-0.029395,-0.031313,0.035380,-0.008694,0.012504,-0.022828,-0.006659
2025-08-14,-0.012499,-0.027630,-0.014898,-0.003960,0.001868,-0.009165,-0.007029,-0.004481,-0.003114,-0.021787,-0.003993
2025-08-15,-0.012166,-0.018216,-0.027593,-0.011876,-0.013307,-0.015692,-0.016111,0.008051,-0.000436,-0.025626,-0.000656
2025-08-18,-0.006379,0.017875,-0.007003,-0.014061,-0.008296,-0.005060,-0.011103,-0.002520,0.007235,-0.004989,-0.001686
2025-08-19,0.002148,0.001617,0.002360,-0.001814,-0.006714,0.007511,0.006506,-0.010301,0.006689,0.002574,0.001094
2025-08-20,0.016183,0.019651,0.015305,0.017326,0.016028,0.026397,0.004157,0.012973,0.020700,0.013004,0.016968
2025-08-21,-0.009827,-0.014137,-0.011575,-0.018444,-0.014489,-0.008569,-0.002819,-0.002488,-0.011403,-0.001140,-0.007735
2025-08-22,-0.004714,-0.008162,-0.009066,-0.007862,0.028282,-0.006026,-0.003319,-0.004987,-0.008582,-0.034487,-0.005752
2025-08-25,0.008727,0.024636,0.015384,0.010423,0.039181,0.004771,0.008742,0.009247,0.030119,-0.014255,-0.008516
2025-08-26,0.003822,0.006060,0.005879,0.018738,-0.001658,0.007781,0.008986,0.011307,-0.010649,0.001519,-0.003652
2025-08-27,0.015138,0.027512,0.010673,0.019841,0.026273,0.017746,0.010399,0.030426,0.008595,0.021146,-0.008705
2025-08-28,-0.003511,0.007195,-0.019319,-0.006481,-0.001856,0.002463,0.004615,-0.003862,-0.016040,-0.011668,0.008820
2025-08-29,-0.010599,-0.013768,-0.013442,-0.011987,-0.017049,-0.006813,0.002078,-0.013942,-0.001532,-0.008769,-0.002875
2025-09-01,0.012426,0.015755,0.002577,0.008990,0.016580,0.011124,-0.005388,0.012824,0.024658,0.013066,0.020482
2025-09-02,-0.018348,-0.018312,-0.010714,0.028686,-0.026150,-0.037349,-0.024987,-0.014921,-0.009530,-0.026920,-0.010393
2025-09-03,-0.013016,-0.024625,-0.013892,-0.023617,-0.003302,-0.022221,0.003892,-0.003278,0.011014,-0.015333,-0.005656
2025-09-04,0.016958,0.019942,0.037690,0.017806,0.032224,0.036269,0.006265,0.015353,0.019173,0.007246,0.030968
2025-09-05,-0.012529,-0.020374,-0.017351,-0.028050,-0.027802,-0.015552,-0.024042,-0.014775,-0.006050,-0.017738,-0.021886
2025-09-08,0.021726,0.025895,0.016652,0.024152,0.033262,0.056152,0.018887,0.012136,0.024962,0.016946,0.021562
2025-09-09,0.026445,0.029919,0.030174,0.036117,0.026584,0.035842,0.017802,0.015259,0.000485,0.036010,0.008958
2025-09-10,-0.015699,-0.024091,-0.021927,-0.032614,-0.007370,-0.027972,-0.013974,-0.007840,-0.019632,-0.016765,-0.007789
2025-09-11,0.005937,0.011681,-0.009263,0.021952,0.013210,0.009724,-0.012290,0.005741,0.012971,0.007743,-0.008507
2025-09-12,0.008832,0.024827,0.004527,0.007168,0.008840,0.008614,-0.010572,0.003483,-0.027075,0.012163,0.020666
2025-09-15,-0.009717,0.018038,-0.021487,-0.011451,-0.010546,-0.028623,-0.001647,-0.003656,-0.005523,-0.010288,-0.015483
2025-09-16,0.003144,0.012366,-0.013458,-0.001819,0.004185,0.010288,-0.000902,-0.006517,-0.005169,0.012638,0.009382
2025-09-17,-0.006482,-0.003177,-0.005027,-0.008693,0.000636,-0.012273,-0.004293,-0.003808,-0.039281,-0.002862,-0.018924
2025-09-18,0.008460,-0.000628,0.005550,0.016178,0.007941,0.003212,0.000246,0.004719,0.001015,0.010822,0.024350
2025-09-19,0.023034,0.033483,0.013760,0.026953,0.028759,0.030389,0.016242,0.007438,0.023565,0.031076,-0.003540
2025-09-22,0.019067,0.004902,0.025256,0.002141,0.020762,0.019831,0.018253,0.007696,0.011944,0.036248,0.021280
2025-09-23,-0.018867,-0.012667,-0.018417,-0.047381,-0.026105,-0.016123,-0.005076,0.014486,-0.019892,-0.024261,-0.008565
2025-09-24,-0.017441,-0.029620,-0.028154,-0.021721,-0.019461,-0.031284,-0.004576,-0.004544,0.010262,-0.021789,0.002358
2025-09-25,0.019780,0.025321,0.022829,0.024320,0.026340,0.017502,0.015675,0.010117,0.010495,0.019559,0.013244
2025-09-26,0.007598,-0.001338,0.015281,0.009031,0.001265,-0.001920,0.019135,0.002884,0.009969,0.008491,-0.004787
2025-09-29,0.003521,0.003943,-0.007445,-0.004018,0.010749,0.008145,-0.004207,-0.013627,0.020195,0.011945,0.016119
2025-09-30,-0.002176,0.006151,-0.008349,-0.011933,-0.033295,-0.008333,0.007343,0.006080,-0.000851,0.003654,0.011507
2025-10-01,-0.002532,-0.001942,0.020022,0.000236,-0.001213,0.001759,-0.020357,-0.001091,0.002059,-0.011891,0.010325
2025-10-02,-0.003046,0.000351,-0.011123,-0.015092,-0.014375,0.004865,-0.001315,0.003724,-0.012463,0.013759,0.007078
2025-10-03,-0.011750,-0.020091,-0.016252,-0.016126,-0.009955,-0.015204,-0.004315,0.000603,-0.019342,-0.017161,-0.005738
2025-10-06,0.029732,0.019797,0.030413,0.037840,0.037260,0.033921,0.015507,0.006498,0.033211,0.028823,0.008649
2025-10-07,0.005990,0.001952,-0.001362,0.014084,0.010495,0.022743,0.003250,-0.002047,0.009139,-0.006857,0.045735
2025-10-08,0.002289,0.011663,0.006534,-0.012524,0.000603,0.002702,0.018571,-0.007876,-0.008467,-0.010091,-0.005296
2025-10-09,0.001461,-0.007508,-0.006046,-0.007527,-0.011137,0.006667,-0.016643,0.012841,-0.020241,0.008816,0.006430
2025-10-10,-0.037007,-0.037101,-0.060217,-0.039361,-0.044222,-0.054036,-0.023452,-0.023064,-0.031798,-0.030488,-0.021046
2025-10-13,0.001823,0.000378,0.000827,0.023042,0.013440,0.011124,0.009143,-0.003878,0.010216,-0.003569,0.010213
2025-10-14,-0.011528,-0.010193,-0.016178,-0.011925,-0.005792,-0.017967,-0.003177,-0.004895,-0.032359,-0.023538,-0.002606
2025-10-15,-0.018221,-0.012775,-0.022171,-0.008622,-0.028293,-0.025585,-0.024579,-0.011348,-0.004561,-0.019731,0.001289
2025-10-16,-0.005556,-0.004908,0.001715,0.011843,-0.004088,-0.015025,0.006193,0.002699,-0.001646,-0.017666,0.005072
2025-10-17,0.005925,0.009693,0.007626,0.005911,0.003068,0.010498,-0.004908,-0.001930,0.003531,0.021044,0.005215
2025-10-20,0.000660,-0.007516,-0.000911,-0.006291,-0.004720,-0.012995,0.002947,-0.001570,0.004710,0.005435,0.006516
2025-10-21,0.017405,0.018269,0.031388,0.014057,0.025579,0.040259,0.013448,0.000492,0.017776,0.021549,-0.004003
2025-10-22,-0.000041,-0.004839,0.003871,0.009132,-0.010042,0.005728,-0.000297,-0.011849,0.006866,0.009258,0.000889
2025-10-23,0.031766,0.038649,0.059103,0.030899,0.045475,0.055856,0.027739,0.040969,0.027802,0.032266,0.008823
2025-10-24,-0.001502,-0.011142,-0.005532,0.008917,0.017174,-0.003938,-0.000689,-0.006629,-0.006513,-0.012614,-0.005702
2025-10-27,0.011934,0.013392,0.021157,0.015897,0.017158,-0.013077,0.003094,0.019277,0.016182,0.015130,-0.006912
2025-10-28,0.001826,0.003554,-0.000244,0.006901,0.005577,-0.001105,0.005510,0.007891,-0.002975,0.001466,0.008377
2025-10-29,0.007644,0.011886,0.011536,0.007212,0.010083,0.033882,0.001392,0.013978,0.021946,-0.003494,0.005878
2025-10-30,-0.009396,-0.009272,-0.005184,-0.009312,-0.006986,-0.005987,-0.005866,-0.003188,-0.013993,-0.003670,-0.014250
2025-10-31,-0.000844,0.000662,0.001280,0.004789,0.000339,-0.005014,-0.000899,0.004425,-0.005264,0.005789,-0.003546
2025-11-03,0.010738,0.002635,0.011424,0.009483,0.059830,0.013284,0.006636,0.017519,0.021565,0.019691,0.009453
2025-11-04,0.013794,0.011340,0.014279,-0.001360,0.022440,0.015955,0.013521,-0.002878,0.018830,0.007364,0.018684
2025-11-05,-0.006837,0.004114,-0.009033,-0.018458,0.009630,-0.007368,0.002971,-0.005526,-0.004772,-0.000039,-0.009265
2025-11-06,-0.012465,-0.025647,-0.031459,-0.026238,-0.009250,-0.015470,-0.014470,-0.023607,-0.013491,-0.010185,0.020622
2025-11-07,-0.008415,0.020419,-0.014331,-0.008362,-0.008591,-0.010773,-0.002319,-0.007964,-0.001139,0.014048,-0.021019
2025-11-10,-0.024095,-0.040223,-0.037374,-0.022195,-0.025795,-0.030088,-0.027246,-0.025724,-0.022531,-0.019223,-0.011445
2025-11-11,0.007014,-0.008140,0.017101,0.010502,-0.007504,0.029263,0.005664,0.009208,0.009458,0.019365,0.008370
2025-11-12,-0.009030,-0.011486,-0.031265,-0.019452,-0.019293,-0.021920,0.003104,-0.000140,-0.008871,0.008292,-0.010915
2025-11-13,-0.015615,-0.026329,-0.005149,-0.024677,-0.016722,-0.028275,-0.005588,0.006568,-0.011121,-0.015903,-0.018970
2025-11-14,0.002894,0.023528,0.012755,0.004924,0.004710,0.030149,0.019890,-0.014849,0.020261,0.003931,0.000051
2025-11-17,-0.005137,-0.009975,-0.009225,-0.009241,0.000790,-0.002782,-0.026207,0.008015,-0.001981,-0.006192,-0.003718
2025-11-18,-0.001380,-0.000341,-0.013218,-0.000643,0.009240,-0.011070,0.005906,-0.019175,0.002082,-0.008763,-0.006156
2025-11-19,-0.000107,-0.000436,0.015552,0.034353,-0.001071,0.004800,0.001561,-0.014062,0.003979,0.002724,-0.011705
2025-11-20,0.000933,0.014590,-0.000644,0.009564,-0.002609,0.014296,-0.001522,-0.005727,0.002204,0.001627,-0.001131
2025-11-21,0.004945,0.004726,0.020802,-0.002318,0.015403,0.014517,-0.005376,-0.002727,0.010860,0.015088,-0.015314
2025-11-24,-0.025379,-0.024224,-0.036968,-0.026278,-0.051925,-0.049982,-0.017926,-0.005301,-0.016204,-0.022337,-0.007620
2025-11-25,0.001424,0.004837,0.002794,-0.007102,0.000982,-0.019968,0.005044,0.006788,0.026937,-0.009681,-0.004371
2025-11-26,0.053642,0.066878,0.055910,0.058762,0.088258,0.080852,0.029755,0.033313,0.029234,0.056323,0.032227
2025-11-27,0.023294,0.031689,0.025244,0.026910,0.040326,0.029485,0.013774,0.007472,0.035735,0.007391,0.001923
2025-11-28,-0.009719,-0.020844,-0.013144,-0.022472,-0.023276,-0.022645,-0.009639,-0.007397,-0.013122,-0.016502,-0.017615
2025-12-01,0.013642,0.019906,0.009877,0.018110,-0.002987,0.019501,0.010246,0.017010,0.011777,0.012227,0.008422
2025-12-02,-0.002231,-0.013697,0.008527,0.001971,-0.001861,-0.000454,-0.007298,0.006255,-0.002455,-0.020989,0.017959
2025-12-03,0.004114,0.011868,0.008044,0.000192,0.004938,0.012781,0.015830,0.018681,0.003344,-0.013680,0.004288
2025-12-04,0.005920,0.010007,-0.003837,-0.004448,0.013900,0.019134,0.014613,-0.001915,0.013306,0.005157,-0.004044
2025-12-05,-0.000624,-0.000234,0.022914,-0.006504,-0.007678,0.008158,-0.009159,-0.008902,0.009882,-0.015102,-0.003299
2025-12-08,0.003259,-0.004939,-0.002431,0.013560,-0.008491,0.002067,0.005052,0.011733,-0.006552,-0.013159,-0.009305
2025-12-09,-0.015575,-0.017651,-0.009970,-0.007694,-0.015884,-0.015310,-0.004676,-0.006975,-0.057077,-0.016402,-0.012238
2025-12-10,-0.012480,-0.010712,-0.011003,-0.018448,-0.026612,-0.019730,-0.015009,0.005111,-0.016134,-0.020618,0.005418
2025-12-11,0.009454,0.003113,0.010558,0.005202,0.016083,0.027716,0.007922,0.006414,0.008017,0.020226,0.000836
2025-12-12,-0.007848,-0.012200,-0.005837,-0.000776,-0.043050,-0.033225,-0.007790,-0.005958,-0.020502,-0.013295,-0.000344
2025-12-15,0.014342,0.035281,0.022285,0.024666,0.015239,0.010473,0.004875,0.009329,0.020941,0.006425,0.006404
2025-12-16,0.010644,0.012504,0.028652,0.011310,-0.002453,0.004387,0.008970,0.005002,0.008506,0.012462,0.022146
2025-12-17,-0.002521,-0.002056,-0.000911,-0.004798,-0.003226,0.003859,-0.004464,0.006182,-0.012261,-0.010388,-0.000372
2025-12-18,-0.001536,-0.003533,-0.019844,0.014004,0.007796,-0.017927,-0.009133,0.000001,-0.006704,-0.010625,-0.011511
2025-12-19,0.013596,0.012316,0.011840,0.008884,0.013985,0.029369,0.001871,0.005170,-0.016469,0.009062,0.010007
2025-12-22,0.002298,-0.004542,-0.003384,0.003027,0.006431,0.004097,0.003088,0.003651,-0.001817,0.002717,0.001416
2025-12-23,0.002935,0.005058,0.001148,0.015987,-0.004264,0.018466,0.015129,-0.000049,0.005852,0.004580,0.003996
2025-12-24,0.009833,0.012184,0.021233,0.015533,0.013142,0.009430,0.005303,0.017468,0.000912,0.015770,0.011336
2025-12-25,-0.028728,-0.044575,-0.025930,-0.028588,-0.048668,-0.029155,-0.019534,-0.013932,-0.020891,-0.037416,-0.016993
2025-12-26,-0.004822,-0.013212,-0.012295,-0.008266,0.009482,-0.007744,0.033904,0.016503,-0.019885,0.006593,-0.011101
2025-12-29,-0.010380,-0.012948,0.002127,-0.045321,-0.012260,0.001040,-0.008573,-0.006549,-0.016636,-0.003252,-0.007386
2025-12-30,-0.011073,-0.016898,-0.000614,-0.006818,-0.027473,-0.028029,-0.021839,-0.039396,-0.013372,-0.014893,-0.005248
2025-12-31,0.011506,-0.003574,0.018574,0.020179,0.022021,0.018725,-0.013672,0.001446,0.005243,0.013888,-0.001679
2026-01-01,-0.025429,-0.029450,-0.020632,-0.023047,-0.053864,-0.045238,-0.016269,-0.010970,-0.018656,-0.028862,-0.003059
2026-01-02,0.009444,0.012007,0.008497,0.009772,0.020362,0.016818,0.009082,-0.001310,-0.005143,0.017975,0.019995
2026-01-05,0.032501,0.033003,0.033675,0.034279,0.043216,0.064596,0.017301,0.045585,0.042751,0.040724,0.009008
2026-01-06,-0.012025,-0.029474,-0.017193,-0.005819,-0.013048,0.011799,-0.005740,0.001443,-0.012351,-0.015236,-0.006800
2026-01-07,-0.004300,-0.017416,-0.005705,-0.006981,0.013216,-0.000308,-0.006844,0.005919,0.003636,0.008570,-0.000506
2026-01-08,0.020120,0.032267,0.019458,0.015647,0.028160,0.023216,0.004320,0.016201,0.014852,0.040323,-0.000486
2026-01-09,0.004073,0.013774,0.009440,0.008590,-0.002487,0.025500,-0.006153,-0.016526,0.011219,-0.002879,0.002339
2026-01-12,-0.001166,-0.004698,-0.007977,-0.012315,0.014029,0.010135,-0.013900,0.001097,-0.001625,0.007097,-0.000282
2026-01-13,0.011491,0.003330,0.017746,-0.002317,0.019485,0.013104,0.009958,0.007250,0.017476,0.011919,-0.007230
2026-01-14,0.008153,0.005210,0.008225,0.004392,0.005606,0.023880,-0.000731,0.005440,0.005128,0.018189,0.008660
2026-01-15,-0.019531,-0.027355,-0.005545,-0.024564,-0.035321,-0.020161,-0.012965,-0.016565,-0.021613,-0.021916,-0.023382
2026-01-16,0.007411,0.007852,0.009158,-0.003995,0.016260,0.008894,0.004232,0.003041,0.015027,0.011824,0.008788
2026-01-19,-0.003750,-0.002821,-0.007404,-0.006766,-0.004167,-0.016368,-0.003221,0.008710,-0.001277,-0.011677,0.009611
2026-01-20,-0.002626,0.006015,-0.004314,-0.018022,0.004503,-0.000323,0.004258,-0.001646,0.003153,-0.005732,0.001673
2026-01-21,0.002581,0.002549,0.000050,-0.000102,0.016832,0.017562,0.000517,-0.002107,-0.014351,0.002295,0.000518
2026-01-22,-0.002786,-0.009823,-0.018612,-0.004625,-0.025159,0.010165,-0.014848,0.006048,0.004938,-0.001605,0.001570
2026-01-23,0.015885,0.024256,0.013293,0.031924,0.016730,0.021541,0.008940,0.014820,0.025524,0.018463,0.010510
2026-01-26,-0.022915,-0.041761,-0.028722,-0.013852,-0.036098,-0.037100,-0.001190,-0.015688,-0.022453,-0.026843,0.010757
2026-01-27,0.006284,0.007893,0.012785,0.009983,0.016412,0.005235,0.027625,-0.000746,0.004220,0.002848,-0.003838
2026-01-28,0.008679,0.012009,0.003597,0.008406,0.012942,-0.004123,0.013611,0.007466,0.018292,0.015330,0.016928
2026-01-29,-0.005998,-0.014652,-0.013732,-0.007608,-0.007909,-0.015819,-0.011009,-0.016457,-0.015107,-0.007309,-0.017917
2026-01-30,0.009343,0.000928,0.015628,0.001674,0.019320,0.012013,0.001234,0.009993,0.019657,0.009392,-0.000729
2026-02-02,-0.001162,-0.000353,0.007362,-0.002411,0.001158,0.007764,0.008898,0.007652,0.004374,-0.030009,0.003341
2026-02-03,-0.002391,0.003184,-0.005722,-0.000868,-0.011588,-0.006239,0.013438,-0.004307,-0.004143,0.009642,0.006683
2026-02-04,0.002387,0.007203,0.008718,-0.020784,-0.003572,0.008352,-0.000862,-0.008985,-0.015730,-0.002213,-0.010520
2026-02-05,-0.008694,-0.013587,-0.011303,-0.024084,-0.008225,-0.006849,-0.006928,-0.000823,0.001293,0.004909,-0.019194
2026-02-06,0.002132,-0.001561,-0.004771,-0.004522,0.010368,0.008324,-0.000523,0.007818,0.021026,0.008578,0.000769
2026-02-09,-0.006644,-0.018985,-0.003380,-0.005284,-0.014560,-0.004465,-0.025264,0.002878,-0.007166,0.001763,0.001748
2026-02-10,-0.004834,-0.013519,0.002376,-0.020335,-0.007250,0.001035,-0.003010,-0.003469,0.001869,-0.017031,-0.008024
2026-02-11,-0.006674,-0.002551,0.008025,-0.012882,-0.010349,0.001360,0.007395,-0.010267,-0.011986,-0.022298,-0.000517
2026-02-12,-0.020802,-0.027561,0.003825,-0.027221,-0.034835,-0.023255,-0.012190,-0.017423,-0.017262,-0.021035,-0.008997
2026-02-13,-0.004278,-0.010131,-0.016190,0.030079,0.000599,-0.011076,-0.001374,0.006915,-0.010155,-0.013155,-0.004714
2026-02-16,-0.000459,-0.005765,0.018132,-0.000712,-0.003413,0.000728,0.011556,-0.017912,0.006641,0.008674,-0.009078
2026-02-17,0.002902,0.005324,-0.010347,0.000316,0.007170,0.032461,0.003908,-0.000568,0.005461,0.006641,-0.015115
2026-02-18,0.011397,0.018643,0.003695,0.012455,0.034962,0.035847,0.016751,0.002021,0.024778,0.013666,0.005631
2026-02-19,0.022340,0.032648,0.024692,0.043040,0.036523,0.031368,0.017057,0.018556,0.019716,0.023227,0.006050
2026-02-20,0.001083,0.003724,0.003104,-0.008048,0.003017,-0.006884,-0.003670,-0.020846,-0.002662,0.007396,0.002701
2026-02-23,-0.009773,-0.011131,-0.013843,-0.007000,-0.021203,-0.012945,-0.008683,-0.010616,-0.009034,-0.031911,-0.006338
2026-02-24,-0.010007,-0.005770,-0.008901,-0.020707,-0.009339,-0.012196,-0.002918,-0.014050,0.014185,-0.006862,-0.018995
2026-02-25,-0.006683,-0.010761,-0.018133,-0.005946,0.016530,0.004530,0.000268,-0.024250,0.000109,-0.007837,0.000650
2026-02-26,-0.020193,-0.035595,-0.023483,-0.019037,-0.007923,-0.030777,-0.009276,-0.016169,-0.019101,-0.017533,-0.005944
2026-02-27,-0.000843,0.002237,0.002110,-0.007587,0.008850,0.000206,-0.008748,0.006962,-0.013460,0.004860,-0.002840
2026-03-02,-0.003156,-0.008018,-0.000270,-0.017649,0.005648,-0.043406,0.003763,0.001703,-0.004304,-0.018952,0.016619
2026-03-03,-0.004331,-0.006266,-0.017440,-0.021710,-0.015640,-0.030000,0.001533,-0.001880,-0.003902,-0.008660,0.024809
2026-03-04,0.000726,0.008195,0.008073,-0.008580,0.001530,-0.007846,-0.015931,-0.003249,0.007382,0.004601,0.013723
2026-03-05,0.008985,0.014500,0.013793,0.005229,0.001682,0.011508,-0.004302,0.012595,-0.001150,0.004554,-0.002729
2026-03-06,-0.018392,-0.016337,-0.006923,-0.025667,-0.019181,-0.018807,-0.029339,-0.021051,-0.018508,-0.014266,0.002898
2026-03-09,-0.003018,0.004468,-0.010013,0.004597,-0.000785,-0.004673,0.002232,-0.010637,-0.006037,-0.005787,-0.006746
2026-03-10,0.007398,0.013185,0.022099,0.010132,-0.013432,0.008906,-0.003759,0.010240,0.013831,0.007164,0.001527
2026-03-11,-0.008935,-0.017904,-0.020899,-0.007568,-0.026938,-0.015900,-0.003835,0.004889,-0.019576,-0.004237,0.002791
2026-03-12,-0.008628,0.009224,-0.016834,-0.010226,-0.034630,-0.009241,-0.002873,0.008717,-0.014486,0.010437,-0.002856
2026-03-13,-0.011039,-0.003539,-0.022416,-0.005784,-0.028328,-0.002027,-0.005205,-0.010733,-0.007443,-0.016600,-0.008938
2026-03-16,0.022275,0.038857,0.019745,0.029597,0.033802,0.035850,0.009975,0.016989,0.040733,0.021611,0.001964
2026-03-17,0.001719,-0.012653,0.002132,0.006647,0.005474,-0.003677,-0.004490,-0.002599,-0.009372,0.009325,0.006332
2026-03-18,-0.007059,-0.013702,-0.003649,-0.009217,-0.039983,-0.005794,0.007878,-0.012467,0.007263,-0.001084,0.011342
2026-03-19,0.008579,-0.001841,0.007085,0.005919,0.005199,-0.006225,-0.003188,0.001522,-0.006842,0.000023,0.026932
2026-03-20,0.003343,0.005885,-0.006676,-0.006164,0.005468,0.006377,-0.002179,-0.004460,0.000669,0.005197,0.016734
2026-03-23,0.002323,-0.014311,0.015476,0.009221,0.003060,0.003497,0.003220,0.004484,-0.004103,0.005790,-0.012591
2026-03-24,-0.008967,-0.012062,-0.015818,-0.014730,-0.025013,-0.005218,-0.018605,0.001794,-0.010454,-0.014566,-0.014171
2026-03-25,-0.020147,-0.017153,-0.024750,-0.002212,-0.024074,-0.039568,-0.004652,0.008767,-0.014896,-0.020403,-0.005773
2026-03-26,0.014876,0.026756,0.025113,0.007935,0.025829,0.003078,0.017298,0.004189,-0.003880,0.007970,0.010947
2026-03-27,0.029521,0.029821,0.021165,0.026494,0.041664,0.035504,0.012920,0.001846,0.024213,0.032560,0.009824
2026-03-30,0.014788,0.005985,0.034544,0.019074,0.024773,0.009462,0.010961,0.005645,0.019086,0.009799,0.002854
2026-03-31,0.024375,0.036504,0.020394,0.036307,0.037227,0.034805,0.024276,0.002234,0.024974,0.018521,0.008476
2026-04-01,0.008900,0.017400,0.000240,0.003521,0.015743,0.018152,0.004750,0.007222,0.013455,-0.000470,-0.000270
2026-04-02,0.005861,0.018428,-0.000575,0.004904,0.008333,0.005656,0.026003,0.008397,-0.003424,-0.009090,-0.005129
2026-04-03,-0.008036,-0.017303,-0.013499,-0.005629,-0.005248,-0.011289,0.002762,-0.001330,-0.009589,-0.001842,-0.004038
2026-04-06,0.031858,0.049395,0.036203,0.049108,0.075673,0.079639,0.017389,0.016196,0.039464,0.035897,0.011279
2026-04-07,0.002284,0.002623,0.016022,-0.003593,0.008944,0.006768,-0.049766,-0.008132,-0.011051,0.002113,0.002116
2026-04-08,-0.021948,-0.019225,-0.041226,-0.039645,-0.030892,-0.023572,-0.015094,-0.017775,-0.020671,-0.003738,-0.046809
2026-04-09,0.006454,0.007675,-0.009986,0.024986,-0.018488,0.003899,-0.022165,0.010721,-0.016622,0.001984,0.009562
2026-04-10,-0.000350,-0.009858,0.000389,-0.000279,-0.017257,-0.010569,-0.002379,0.000778,0.004065,-0.000602,0.004703
2026-04-13,0.000356,0.005398,0.003328,0.002344,-0.012188,0.025091,-0.000681,0.001821,-0.003641,-0.002905,0.016182
2026-04-14,-0.001581,0.000988,-0.013056,0.000795,-0.001876,0.009344,-0.006145,-0.005821,0.004265,-0.017986,-0.014870
2026-04-15,-0.001484,-0.002703,0.012210,-0.003263,0.009445,0.002439,0.036142,0.000323,-0.015621,-0.003481,0.007716
2026-04-16,0.011255,0.010874,0.007066,0.019134,0.018993,0.018410,-0.002496,0.015500,0.009630,0.014790,0.009745
2026-04-17,-0.008937,-0.012289,-0.008500,-0.011101,-0.015267,-0.024336,0.001678,-0.003613,-0.019603,-0.020898,-0.004054
2026-04-20,0.008631,-0.001585,0.014057,0.005891,0.020462,0.000451,0.013172,-0.007724,-0.003422,0.007416,0.020138
2026-04-21,0.004049,0.008102,0.001090,0.012113,0.008332,0.000517,0.002292,0.002644,0.010549,0.010653,0.011241
2026-04-22,0.004176,0.017555,0.003480,0.014903,0.006746,0.004418,0.009314,-0.005749,-0.001619,0.042766,0.006428
2026-04-23,-0.025238,-0.042412,-0.033741,-0.027685,-0.042126,-0.040241,-0.022955,-0.020050,-0.023009,-0.039108,-0.015662
2026-04-24,-0.025203,-0.047489,-0.023846,-0.029011,-0.031420,-0.028201,-0.034528,-0.017735,-0.005328,-0.032904,0.001111
2026-04-27,0.004738,-0.009122,0.003760,0.000470,0.004077,0.000118,-0.000010,0.000087,-0.001289,-0.003921,0.007494
2026-04-28,0.001739,-0.011287,-0.014219,0.003492,-0.003444,-0.004190,0.002374,0.002777,0.009635,-0.015853,-0.004136
2026-04-29,-0.004189,-0.010798,-0.005132,-0.009100,-0.016825,0.000475,-0.009433,-0.006131,0.016300,-0.030375,0.017319
2026-04-30,0.004164,0.001002,0.001392,0.032337,0.008943,0.015624,0.009390,-0.012143,0.008716,-0.003849,0.005247
2026-05-01,-0.003347,-0.004067,0.002738,-0.005171,-0.001811,-0.015945,-0.003982,-0.003549,-0.020776,-0.005730,0.013694
2026-05-04,0.010300,0.006285,0.009671,0.004996,0.020287,0.011591,0.009092,0.013403,0.005212,0.008041,-0.003764
2026-05-05,0.007222,0.008013,0.013005,0.001166,0.023714,0.011256,0.001228,0.023119,0.004344,0.027305,-0.004324
2026-05-06,-0.005702,-0.013763,-0.010216,-0.003820,-0.006180,-0.018779,-0.003146,0.012647,0.000063,-0.012046,-0.002419
2026-05-07,-0.000363,-0.008306,0.009350,-0.011712,-0.006318,-0.008121,-0.002239,0.009269,-0.013044,0.000028,0.007840
2026-05-08,-0.006287,-0.011967,-0.007973,-0.001411,-0.017365,-0.014800,-0.006820,-0.002151,-0.004167,0.003505,-0.003480
2026-05-11,-0.013988,-0.019575,-0.018948,-0.013531,-0.016813,-0.020466,-0.013359,-0.012554,-0.024291,-0.019412,-0.015673
2026-05-12,0.000357,0.008718,0.000666,-0.017721,0.014862,-0.003192,-0.001441,-0.003159,-0.023599,0.007640,0.003241
2026-05-13,0.000707,-0.014195,0.022308,-0.001861,0.001119,0.014776,0.013721,0.006261,-0.004764,-0.009025,0.003070
2026-05-14,0.013347,0.010055,0.009786,0.013793,0.038173,0.017951,0.000687,0.012919,0.021920,0.010846,0.003170
2026-05-15,0.015557,0.025588,0.023461,0.028806,0.020256,0.016442,0.004576,0.023379,0.016893,0.015973,0.013781
2026-05-18,-0.018856,-0.013612,-0.031545,-0.027701,-0.027309,-0.038122,-0.012146,-0.008839,-0.017962,-0.020041,-0.034254
2026-05-19,0.009889,0.002429,0.011644,0.016359,0.015764,0.010624,0.006213,0.021371,0.009023,0.004449,0.001813
2026-05-20,0.023735,0.026055,0.024672,0.025736,0.039016,0.019673,0.027185,-0.000383,0.013604,0.024748,0.007093
2026-05-21,-0.022302,-0.030502,-0.020734,-0.051321,-0.034570,-0.030900,-0.011767,-0.015767,-0.026065,-0.023886,0.000369
2026-05-22,0.017697,0.025779,0.012644,0.036176,-0.015415,0.030141,0.011903,0.014735,0.028505,0.027058,0.023782
2026-05-25,-0.009377,-0.015014,-0.012607,-0.013134,-0.015725,-0.007096,-0.005333,0.003175,-0.006596,-0.010867,-0.002215
2026-05-26,0.011516,0.014505,0.015508,0.009897,0.031599,0.001658,0.009220,0.004017,0.030973,0.009600,0.010754
2026-05-27,0.012531,0.023683,0.006867,0.016615,0.016089,0.010845,-0.001333,0.015618,0.012997,0.021426,-0.004906
2026-05-28,0.006434,0.009214,0.002123,0.016057,0.011707,0.008113,-0.007561,0.001257,0.012337,0.000921,-0.002737
2026-05-29,-0.001079,0.001744,0.001052,-0.002064,-0.003958,-0.005143,-0.006951,-0.010520,0.007160,0.000569,0.012719
2026-06-01,0.011522,0.018422,0.014292,0.019305,0.003640,0.011645,-0.004045,0.001047,0.000797,0.021085,0.007577
2026-06-02,-0.007343,-0.012507,-0.041729,-0.004440,0.001394,-0.009303,-0.016997,-0.008687,0.005866,-0.012764,0.017457
2026-06-03,0.028313,0.005649,0.016163,0.068110,0.042064,0.048812,0.026936,0.016189,0.026939,0.027630,0.027670
2026-06-04,-0.006108,-0.012060,-0.004684,-0.008805,0.002824,-0.007723,0.005722,-0.007450,0.002638,-0.007826,-0.006062
2026-06-05,-0.018718,-0.020508,-0.017122,-0.012136,-0.026728,-0.029719,-0.008515,-0.002279,-0.012759,-0.028164,-0.008193
2026-06-08,-0.018784,-0.013402,-0.047640,-0.014522,-0.023348,-0.013793,-0.015582,-0.000335,-0.030485,-0.024031,-0.009854
2026-06-09,0.013668,0.020173,0.004162,0.039141,0.026223,0.021658,0.000823,0.004732,0.021520,0.029035,0.008041
2026-06-10,-0.000154,-0.000674,0.007335,0.019648,-0.007227,0.007098,-0.008168,-0.014357,0.009867,-0.012645,0.002737
2026-06-11,0.013849,0.015986,0.001302,0.002603,0.021903,0.016899,0.013621,-0.008525,0.011140,0.013046,0.011275
2026-06-12,0.000043,-0.003461,-0.011350,-0.013807,0.006779,-0.001313,-0.028866,-0.015097,0.005505,0.003129,0.006936
2026-06-15,-0.006455,-0.014959,-0.017511,-0.003852,-0.009196,-0.008394,-0.015308,-0.005302,-0.005271,-0.017766,-0.000274
2026-06-16,0.005078,-0.000433,0.013129,0.029714,0.011764,0.014209,0.002364,-0.003982,0.016287,0.023055,0.002060
2026-06-17,0.014400,0.016245,0.008966,0.032011,0.010888,0.012088,0.018218,-0.006075,0.004551,0.013040,-0.002235
2026-06-18,0.001804,-0.025067,0.001607,0.014774,0.007289,0.008886,-0.001995,0.005561,0.016515,0.005889,0.012728
2026-06-19,0.017484,0.030576,0.013516,0.019677,0.031046,0.032302,0.024743,-0.002678,0.018609,0.013327,0.013094
2026-06-22,-0.001635,-0.008286,0.008082,0.000517,-0.003763,-0.018647,-0.015368,-0.006568,-0.003897,-0.011203,0.002207
2026-06-23,-0.053264,-0.085234,-0.068862,-0.066426,-0.075137,-0.080677,-0.023440,-0.025667,-0.054635,-0.049027,-0.035899
2026-06-24,-0.026480,-0.032058,-0.027823,-0.022269,-0.037254,-0.044756,-0.021587,-0.015350,-0.030239,-0.051688,-0.020832
2026-06-25,-0.009830,-0.018288,-0.018363,0.000255,-0.011428,-0.036379,0.001871,-0.006679,0.002327,-0.018409,-0.007839
2026-06-26,-0.011464,-0.016306,-0.012937,-0.015977,-0.020548,-0.006839,-0.007825,-0.004546,-0.009273,-0.012379,-0.012202
2026-06-29,-0.003204,-0.005016,-0.003524,0.000580,-0.001229,-0.023658,0.002679,-0.003321,-0.014868,-0.019168,0.004148
2026-06-30,0.015639,0.037015,0.013989,0.017029,0.041747,0.018060,0.014097,0.012306,0.010844,0.014041,0.013143
2026-07-01,0.010394,0.001112,0.008206,0.021147,0.001837,0.026441,0.006179,-0.003269,0.035651,0.001619,0.016711
